TransactionID,Date,ProductID,ProductName,ProductCategory,QuantitySold,UnitPrice,CustomerID,CustomerName,CustomerSector,Country,Region,ProductionCost,TotalSaleAmount,Profit
3167,1/1/2023,1044,Product_1281,Sensor,78,825,170,Customer_278,Industrial,USA,North America,7,64350,63804
8031,1/1/2023,1406,Product_1169,Microchip,29,805,256,Customer_411,Consumer Electronics,China,North America,647,23345,4582
5758,1/1/2023,1082,Product_1162,Microchip,45,288,190,Customer_182,Industrial,South Korea,Europe,196,12960,4140
1520,1/1/2023,1216,Product_1464,Microchip,99,758,484,Customer_272,Industrial,Japan,North America,161,75042,59103
7851,1/1/2023,1390,Product_1410,Microchip,92,335,467,Customer_27,Automotive,China,North America,597,30820,-24104
812,1/1/2023,1309,Product_1184,Microchip,56,517,446,Customer_438,Consumer Electronics,Germany,Asia-Pacific,273,28952,13664
5159,1/1/2023,1226,Product_1100,Robotics,98,540,266,Customer_300,Automotive,Japan,Asia-Pacific,723,52920,-17934
464,1/1/2023,1020,Product_1500,Robotics,93,760,481,Customer_169,Consumer Electronics,China,Asia-Pacific,106,70680,60822
4020,1/1/2023,1061,Product_1385,Sensor,98,340,335,Customer_301,Consumer Electronics,China,Europe,108,33320,22736
7282,1/1/2023,1379,Product_1304,Microchip,8,869,219,Customer_14,Consumer Electronics,USA,Asia-Pacific,628,6952,1928
338,1/1/2023,1249,Product_1354,Microchip,44,237,61,Customer_81,Consumer Electronics,USA,Europe,726,10428,-21516
6865,1/1/2023,1272,Product_1421,Robotics,36,352,11,Customer_19,Automotive,Japan,North America,70,12672,10152
9167,1/1/2023,1027,Product_1457,Robotics,38,571,201,Customer_106,Automotive,Japan,North America,293,21698,10564
6421,1/1/2023,1067,Product_1410,Microchip,69,888,329,Customer_2,Automotive,China,Asia-Pacific,532,61272,24564
49,1/1/2023,1218,Product_1015,Sensor,99,456,482,Customer_271,Industrial,South Korea,Asia-Pacific,74,45144,37818
1462,1/1/2023,1051,Product_1132,Microchip,73,401,177,Customer_151,Industrial,USA,Europe,730,29273,-24017
7744,1/1/2023,1024,Product_1419,Sensor,72,127,115,Customer_259,Automotive,South Korea,Europe,770,9144,-46296
2911,1/1/2023,1250,Product_1404,Microchip,79,216,387,Customer_138,Industrial,Japan,Europe,696,17064,-37920
2057,1/1/2023,1353,Product_1290,Robotics,74,227,92,Customer_4,Consumer Electronics,Germany,Asia-Pacific,241,16798,-1036
488,1/1/2023,1126,Product_1430,Robotics,38,846,343,Customer_467,Consumer Electronics,South Korea,North America,799,32148,1786
8778,1/1/2023,1341,Product_1018,Sensor,86,758,467,Customer_21,Automotive,USA,Europe,101,65188,56502
1229,1/1/2023,1394,Product_1471,Sensor,72,16,431,Customer_75,Industrial,Germany,Europe,773,1152,-54504
9076,1/1/2023,1156,Product_1092,Robotics,73,348,392,Customer_315,Automotive,South Korea,Asia-Pacific,255,25404,6789
1930,1/1/2023,1069,Product_1290,Sensor,34,343,56,Customer_457,Consumer Electronics,South Korea,Asia-Pacific,761,11662,-14212
2861,1/1/2023,1384,Product_1227,Robotics,4,793,129,Customer_462,Consumer Electronics,Japan,Asia-Pacific,676,3172,468
3271,1/1/2023,1175,Product_1299,Sensor,18,987,285,Customer_364,Industrial,China,Europe,299,17766,12384
5246,1/1/2023,1008,Product_1443,Sensor,56,439,244,Customer_260,Industrial,Germany,Europe,794,24584,-19880
505,1/1/2023,1122,Product_1054,Microchip,81,213,67,Customer_121,Automotive,South Korea,Europe,756,17253,-43983
6048,1/1/2023,1242,Product_1244,Sensor,22,435,153,Customer_395,Consumer Electronics,USA,Europe,357,9570,1716
5436,1/1/2023,1331,Product_1390,Microchip,10,572,124,Customer_196,Industrial,Japan,North America,116,5720,4560
1619,1/1/2023,1012,Product_1254,Robotics,65,313,222,Customer_388,Automotive,Germany,Europe,770,20345,-29705
2545,1/2/2023,1442,Product_1191,Sensor,64,388,78,Customer_187,Industrial,China,Europe,137,24832,16064
7097,1/2/2023,1462,Product_1335,Sensor,60,747,431,Customer_358,Consumer Electronics,Japan,Asia-Pacific,683,44820,3840
7349,1/2/2023,1345,Product_1105,Robotics,56,249,215,Customer_201,Automotive,South Korea,North America,465,13944,-12096
7961,1/2/2023,1241,Product_1309,Robotics,42,992,414,Customer_126,Consumer Electronics,China,Europe,332,41664,27720
3772,1/2/2023,1303,Product_1411,Microchip,34,536,75,Customer_148,Automotive,USA,Europe,463,18224,2482
4445,1/2/2023,1160,Product_1442,Microchip,3,506,222,Customer_381,Industrial,USA,Asia-Pacific,495,1518,33
9275,1/2/2023,1365,Product_1226,Microchip,53,185,23,Customer_466,Automotive,Japan,Europe,158,9805,1431
1572,1/2/2023,1135,Product_1067,Robotics,81,778,409,Customer_442,Consumer Electronics,South Korea,North America,724,63018,4374
3530,1/2/2023,1352,Product_1189,Robotics,94,863,42,Customer_106,Industrial,USA,Europe,121,81122,69748
6215,1/2/2023,1346,Product_1315,Sensor,63,192,122,Customer_468,Industrial,USA,Asia-Pacific,205,12096,-819
1318,1/2/2023,1210,Product_1026,Microchip,63,679,248,Customer_15,Consumer Electronics,Japan,North America,610,42777,4347
6878,1/2/2023,1080,Product_1156,Sensor,37,198,420,Customer_25,Consumer Electronics,Japan,North America,305,7326,-3959
8116,1/2/2023,1272,Product_1442,Robotics,8,168,489,Customer_18,Consumer Electronics,South Korea,Europe,34,1344,1072
4045,1/2/2023,1438,Product_1291,Robotics,44,107,275,Customer_386,Industrial,Japan,Asia-Pacific,67,4708,1760
8002,1/2/2023,1303,Product_1377,Sensor,83,41,235,Customer_352,Automotive,Germany,Europe,626,3403,-48555
7670,1/2/2023,1247,Product_1202,Sensor,66,535,13,Customer_315,Industrial,USA,Europe,520,35310,990
2969,1/2/2023,1155,Product_1410,Robotics,24,712,496,Customer_46,Automotive,Germany,North America,571,17088,3384
2314,1/2/2023,1047,Product_1479,Robotics,17,809,439,Customer_401,Automotive,South Korea,North America,687,13753,2074
5701,1/2/2023,1362,Product_1141,Sensor,48,827,178,Customer_282,Consumer Electronics,Germany,Europe,350,39696,22896
7141,1/2/2023,1301,Product_1262,Microchip,70,963,451,Customer_367,Industrial,USA,North America,773,67410,13300
511,1/2/2023,1207,Product_1219,Robotics,35,168,252,Customer_194,Industrial,China,North America,697,5880,-18515
2808,1/2/2023,1157,Product_1216,Microchip,45,216,342,Customer_161,Industrial,USA,Asia-Pacific,223,9720,-315
1205,1/2/2023,1007,Product_1181,Robotics,64,339,117,Customer_495,Automotive,USA,Europe,656,21696,-20288
8887,1/2/2023,1160,Product_1026,Robotics,31,672,217,Customer_330,Industrial,South Korea,Europe,684,20832,-372
2846,1/2/2023,1244,Product_1391,Sensor,85,415,467,Customer_306,Industrial,Germany,Europe,678,35275,-22355
7261,1/2/2023,1102,Product_1468,Sensor,95,351,184,Customer_252,Automotive,Germany,Europe,425,33345,-7030
7248,1/2/2023,1092,Product_1465,Microchip,68,111,493,Customer_433,Industrial,Germany,Europe,464,7548,-24004
3278,1/2/2023,1173,Product_1251,Microchip,87,506,276,Customer_397,Automotive,China,Europe,14,44022,42804
6155,1/2/2023,1277,Product_1199,Microchip,63,256,239,Customer_395,Consumer Electronics,Germany,Europe,80,16128,11088
1730,1/2/2023,1330,Product_1267,Robotics,24,963,430,Customer_490,Consumer Electronics,China,Asia-Pacific,197,23112,18384
1854,1/2/2023,1262,Product_1038,Microchip,54,886,439,Customer_247,Automotive,Germany,Europe,538,47844,18792
4416,1/3/2023,1409,Product_1295,Microchip,29,766,106,Customer_22,Automotive,South Korea,Asia-Pacific,566,22214,5800
4063,1/3/2023,1373,Product_1155,Robotics,2,365,472,Customer_336,Consumer Electronics,USA,North America,489,730,-248
611,1/3/2023,1433,Product_1145,Sensor,49,171,408,Customer_17,Automotive,Japan,North America,363,8379,-9408
9272,1/3/2023,1484,Product_1074,Robotics,91,53,455,Customer_361,Consumer Electronics,China,Europe,750,4823,-63427
9131,1/3/2023,1227,Product_1325,Microchip,43,416,134,Customer_393,Consumer Electronics,China,Europe,554,17888,-5934
2998,1/3/2023,1102,Product_1290,Microchip,33,93,433,Customer_25,Consumer Electronics,China,Asia-Pacific,547,3069,-14982
3236,1/3/2023,1285,Product_1323,Microchip,88,948,241,Customer_458,Consumer Electronics,China,Asia-Pacific,314,83424,55792
5261,1/3/2023,1478,Product_1402,Robotics,9,529,118,Customer_394,Consumer Electronics,Japan,Asia-Pacific,98,4761,3879
7518,1/3/2023,1250,Product_1105,Microchip,44,659,25,Customer_156,Consumer Electronics,USA,North America,576,28996,3652
688,1/3/2023,1401,Product_1495,Sensor,77,738,372,Customer_435,Consumer Electronics,Japan,Asia-Pacific,638,56826,7700
5735,1/3/2023,1089,Product_1249,Microchip,89,212,461,Customer_61,Consumer Electronics,Germany,Europe,487,18868,-24475
8199,1/3/2023,1209,Product_1391,Microchip,86,582,425,Customer_70,Automotive,China,North America,13,50052,48934
7640,1/3/2023,1295,Product_1415,Robotics,5,933,493,Customer_439,Automotive,USA,Europe,305,4665,3140
4981,1/3/2023,1319,Product_1481,Microchip,59,474,452,Customer_373,Automotive,Japan,Europe,544,27966,-4130
6899,1/3/2023,1367,Product_1242,Sensor,7,569,16,Customer_193,Industrial,Japan,North America,43,3983,3682
9884,1/3/2023,1397,Product_1412,Robotics,97,366,480,Customer_259,Automotive,Germany,Asia-Pacific,607,35502,-23377
243,1/3/2023,1264,Product_1469,Sensor,59,188,441,Customer_381,Automotive,Germany,Asia-Pacific,684,11092,-29264
2666,1/3/2023,1213,Product_1482,Sensor,61,287,334,Customer_458,Consumer Electronics,USA,Asia-Pacific,5,17507,17202
7368,1/3/2023,1215,Product_1469,Sensor,75,531,496,Customer_497,Consumer Electronics,USA,Asia-Pacific,673,39825,-10650
1429,1/3/2023,1106,Product_1133,Robotics,42,939,158,Customer_482,Consumer Electronics,Japan,Europe,669,39438,11340
5997,1/3/2023,1208,Product_1053,Robotics,86,696,440,Customer_1,Industrial,China,North America,679,59856,1462
5722,1/3/2023,1326,Product_1439,Robotics,98,589,53,Customer_85,Consumer Electronics,USA,Asia-Pacific,134,57722,44590
177,1/3/2023,1149,Product_1403,Microchip,96,941,245,Customer_36,Automotive,USA,Europe,527,90336,39744
4920,1/3/2023,1482,Product_1358,Microchip,79,384,410,Customer_234,Consumer Electronics,Germany,Asia-Pacific,700,30336,-24964
6078,1/3/2023,1443,Product_1423,Microchip,73,423,169,Customer_67,Industrial,Germany,Europe,157,30879,19418
8682,1/3/2023,1362,Product_1220,Microchip,18,747,107,Customer_290,Automotive,Germany,North America,293,13446,8172
7781,1/4/2023,1111,Product_1071,Sensor,3,625,39,Customer_443,Industrial,South Korea,North America,463,1875,486
278,1/4/2023,1447,Product_1022,Sensor,91,741,434,Customer_61,Consumer Electronics,Germany,Europe,246,67431,45045
7997,1/4/2023,1084,Product_1305,Microchip,79,307,246,Customer_475,Industrial,South Korea,Asia-Pacific,311,24253,-316
7136,1/4/2023,1432,Product_1489,Robotics,61,730,460,Customer_392,Automotive,Germany,North America,302,44530,26108
1756,1/4/2023,1499,Product_1297,Robotics,62,639,454,Customer_96,Automotive,Japan,Europe,60,39618,35898
8524,1/4/2023,1379,Product_1253,Sensor,7,44,150,Customer_47,Consumer Electronics,China,North America,303,308,-1813
7733,1/4/2023,1378,Product_1386,Robotics,80,765,392,Customer_266,Industrial,Germany,North America,24,61200,59280
9017,1/4/2023,1103,Product_1019,Sensor,95,899,95,Customer_471,Automotive,South Korea,Europe,376,85405,49685
3974,1/4/2023,1109,Product_1466,Robotics,42,792,196,Customer_293,Consumer Electronics,USA,Asia-Pacific,471,33264,13482
1801,1/4/2023,1284,Product_1447,Microchip,96,823,141,Customer_153,Consumer Electronics,Germany,North America,606,79008,20832
7516,1/4/2023,1331,Product_1264,Robotics,13,86,275,Customer_130,Automotive,Japan,North America,473,1118,-5031
7601,1/4/2023,1312,Product_1405,Sensor,21,546,309,Customer_414,Industrial,USA,Europe,344,11466,4242
996,1/4/2023,1229,Product_1110,Robotics,73,633,48,Customer_456,Industrial,USA,Asia-Pacific,354,46209,20367
2444,1/4/2023,1232,Product_1313,Sensor,8,465,35,Customer_362,Consumer Electronics,Germany,North America,570,3720,-840
3796,1/4/2023,1122,Product_1119,Robotics,36,672,25,Customer_10,Consumer Electronics,Japan,Asia-Pacific,208,24192,16704
2915,1/4/2023,1339,Product_1468,Robotics,57,370,321,Customer_64,Automotive,South Korea,Europe,211,21090,9063
3338,1/4/2023,1216,Product_1107,Sensor,60,910,367,Customer_470,Automotive,USA,Europe,50,54600,51600
2062,1/5/2023,1129,Product_1407,Microchip,23,770,331,Customer_125,Consumer Electronics,Germany,Asia-Pacific,258,17710,11776
2906,1/5/2023,1217,Product_1152,Microchip,31,120,420,Customer_199,Automotive,Japan,Europe,426,3720,-9486
6507,1/5/2023,1406,Product_1489,Sensor,44,357,458,Customer_180,Industrial,USA,Asia-Pacific,48,15708,13596
8598,1/5/2023,1442,Product_1447,Sensor,84,625,418,Customer_329,Automotive,Germany,Europe,122,52500,42252
5151,1/5/2023,1026,Product_1358,Microchip,51,510,196,Customer_427,Industrial,Japan,North America,107,26010,20553
6193,1/5/2023,1357,Product_1248,Microchip,12,97,371,Customer_352,Automotive,Germany,North America,737,1164,-7680
8780,1/5/2023,1192,Product_1416,Robotics,5,946,464,Customer_415,Automotive,Germany,North America,184,4730,3810
4228,1/5/2023,1322,Product_1483,Sensor,97,896,439,Customer_144,Automotive,South Korea,Europe,526,86912,35890
3554,1/5/2023,1148,Product_1393,Sensor,72,335,463,Customer_425,Consumer Electronics,USA,Asia-Pacific,151,24120,13248
785,1/5/2023,1399,Product_1348,Sensor,78,655,361,Customer_69,Consumer Electronics,Japan,Asia-Pacific,394,51090,20358
8014,1/5/2023,1370,Product_1405,Robotics,63,286,94,Customer_274,Automotive,USA,Europe,365,18018,-4977
4574,1/5/2023,1086,Product_1126,Microchip,88,22,499,Customer_341,Consumer Electronics,USA,Asia-Pacific,130,1936,-9504
3981,1/5/2023,1309,Product_1262,Sensor,34,999,190,Customer_255,Consumer Electronics,Japan,Asia-Pacific,486,33966,17442
5118,1/5/2023,1324,Product_1020,Sensor,46,742,302,Customer_195,Industrial,USA,Asia-Pacific,659,34132,3818
3774,1/5/2023,1386,Product_1214,Sensor,56,981,6,Customer_182,Automotive,Japan,Europe,607,54936,20944
8741,1/5/2023,1030,Product_1356,Microchip,71,554,308,Customer_120,Industrial,Japan,North America,186,39334,26128
6213,1/5/2023,1210,Product_1466,Sensor,87,177,243,Customer_434,Automotive,Germany,North America,328,15399,-13137
5792,1/5/2023,1432,Product_1067,Microchip,17,700,469,Customer_96,Industrial,Germany,North America,781,11900,-1377
1830,1/5/2023,1107,Product_1013,Microchip,66,635,154,Customer_156,Automotive,Germany,Europe,287,41910,22968
9247,1/5/2023,1051,Product_1448,Robotics,65,497,424,Customer_242,Consumer Electronics,South Korea,North America,774,32305,-18005
9913,1/5/2023,1367,Product_1053,Robotics,93,366,332,Customer_51,Industrial,USA,Europe,745,34038,-35247
1215,1/5/2023,1221,Product_1164,Microchip,44,663,444,Customer_386,Automotive,South Korea,Europe,296,29172,16148
8416,1/5/2023,1198,Product_1336,Robotics,14,45,48,Customer_265,Automotive,Germany,Asia-Pacific,95,630,-700
4565,1/5/2023,1278,Product_1411,Robotics,44,219,431,Customer_172,Industrial,Germany,Europe,250,9636,-1364
4549,1/5/2023,1050,Product_1447,Microchip,8,997,470,Customer_281,Industrial,Japan,North America,62,7976,7480
3345,1/5/2023,1335,Product_1401,Microchip,43,938,260,Customer_357,Industrial,South Korea,Europe,555,40334,16469
8936,1/5/2023,1008,Product_1074,Microchip,43,845,230,Customer_312,Automotive,Germany,North America,682,36335,7009
4942,1/5/2023,1217,Product_1139,Microchip,89,342,124,Customer_285,Industrial,USA,Europe,11,30438,29459
8500,1/6/2023,1253,Product_1038,Robotics,90,736,153,Customer_288,Industrial,USA,Europe,606,66240,11700
8262,1/6/2023,1139,Product_1354,Microchip,15,407,428,Customer_25,Industrial,China,Europe,253,6105,2310
5959,1/6/2023,1143,Product_1138,Sensor,13,120,328,Customer_17,Consumer Electronics,China,Europe,507,1560,-5031
9949,1/6/2023,1062,Product_1068,Sensor,11,951,185,Customer_122,Consumer Electronics,Germany,Asia-Pacific,143,10461,8888
8089,1/6/2023,1238,Product_1132,Sensor,27,766,100,Customer_389,Automotive,South Korea,Europe,751,20682,405
2083,1/6/2023,1349,Product_1413,Sensor,19,393,31,Customer_211,Consumer Electronics,China,North America,170,7467,4237
548,1/6/2023,1338,Product_1181,Sensor,52,757,364,Customer_34,Industrial,Japan,Europe,393,39364,18928
6838,1/6/2023,1112,Product_1301,Robotics,71,55,329,Customer_446,Automotive,South Korea,Asia-Pacific,409,3905,-25134
5575,1/6/2023,1335,Product_1281,Microchip,89,375,230,Customer_418,Consumer Electronics,Japan,Asia-Pacific,189,33375,16554
6343,1/6/2023,1476,Product_1250,Sensor,97,856,95,Customer_340,Industrial,Germany,North America,356,83032,48500
3197,1/6/2023,1248,Product_1240,Microchip,79,473,147,Customer_24,Industrial,USA,Europe,155,37367,25122
3714,1/6/2023,1023,Product_1358,Microchip,5,200,490,Customer_87,Consumer Electronics,South Korea,Asia-Pacific,342,1000,-710
7931,1/6/2023,1399,Product_1142,Sensor,26,650,84,Customer_386,Consumer Electronics,Germany,North America,524,16900,3276
1908,1/6/2023,1322,Product_1316,Sensor,28,399,449,Customer_121,Automotive,South Korea,North America,638,11172,-6692
7332,1/6/2023,1400,Product_1001,Sensor,49,587,297,Customer_453,Industrial,USA,North America,353,28763,11466
9833,1/6/2023,1071,Product_1454,Robotics,58,83,391,Customer_332,Automotive,China,Asia-Pacific,470,4814,-22446
3916,1/6/2023,1054,Product_1172,Sensor,88,776,71,Customer_185,Industrial,China,North America,448,68288,28864
9920,1/6/2023,1309,Product_1181,Microchip,85,767,266,Customer_317,Consumer Electronics,South Korea,Europe,101,65195,56610
8921,1/6/2023,1380,Product_1436,Sensor,97,236,138,Customer_319,Automotive,USA,Europe,794,22892,-54126
6010,1/6/2023,1403,Product_1425,Microchip,47,469,181,Customer_365,Industrial,USA,Asia-Pacific,50,22043,19693
6298,1/6/2023,1207,Product_1170,Robotics,12,691,274,Customer_432,Industrial,South Korea,Asia-Pacific,725,8292,-408
1954,1/6/2023,1369,Product_1447,Microchip,57,211,241,Customer_483,Automotive,Japan,North America,176,12027,1995
3982,1/6/2023,1148,Product_1402,Sensor,31,804,268,Customer_96,Industrial,China,Europe,190,24924,19034
9655,1/6/2023,1454,Product_1388,Robotics,91,903,487,Customer_398,Industrial,Germany,Europe,183,82173,65520
3148,1/6/2023,1219,Product_1040,Microchip,51,933,265,Customer_50,Automotive,Japan,North America,13,47583,46920
1833,1/6/2023,1266,Product_1215,Robotics,8,256,210,Customer_152,Consumer Electronics,Germany,North America,327,2048,-568
3242,1/6/2023,1099,Product_1232,Microchip,85,601,164,Customer_389,Automotive,China,North America,590,51085,935
6670,1/6/2023,1482,Product_1031,Microchip,27,923,212,Customer_385,Industrial,Germany,Asia-Pacific,140,24921,21141
9154,1/6/2023,1177,Product_1169,Sensor,96,935,132,Customer_172,Automotive,Germany,Asia-Pacific,453,89760,46272
2505,1/6/2023,1178,Product_1038,Sensor,82,162,85,Customer_120,Consumer Electronics,China,Asia-Pacific,156,13284,492
1877,1/6/2023,1019,Product_1134,Microchip,9,546,457,Customer_469,Industrial,Japan,Asia-Pacific,601,4914,-495
5915,1/6/2023,1350,Product_1270,Robotics,66,878,466,Customer_74,Industrial,USA,Europe,286,57948,39072
1802,1/6/2023,1158,Product_1352,Robotics,45,560,194,Customer_113,Automotive,Germany,Asia-Pacific,589,25200,-1305
9923,1/6/2023,1235,Product_1177,Robotics,32,255,372,Customer_142,Industrial,USA,Europe,269,8160,-448
6466,1/6/2023,1331,Product_1422,Microchip,88,984,260,Customer_171,Consumer Electronics,China,Europe,574,86592,36080
7503,1/6/2023,1307,Product_1477,Microchip,37,929,399,Customer_95,Industrial,South Korea,Asia-Pacific,364,34373,20905
927,1/6/2023,1442,Product_1079,Microchip,27,25,133,Customer_303,Automotive,USA,Europe,133,675,-2916
3011,1/6/2023,1247,Product_1213,Sensor,77,470,358,Customer_82,Automotive,South Korea,North America,488,36190,-1386
842,1/6/2023,1290,Product_1401,Sensor,73,327,376,Customer_500,Consumer Electronics,Japan,Europe,475,23871,-10804
7411,1/6/2023,1367,Product_1221,Microchip,84,380,67,Customer_101,Industrial,South Korea,Europe,707,31920,-27468
8528,1/6/2023,1380,Product_1484,Microchip,66,760,369,Customer_464,Industrial,China,North America,197,50160,37158
8766,1/7/2023,1247,Product_1145,Robotics,56,441,92,Customer_242,Industrial,South Korea,North America,651,24696,-11760
7843,1/7/2023,1323,Product_1469,Sensor,85,409,329,Customer_379,Automotive,South Korea,Asia-Pacific,764,34765,-30175
315,1/7/2023,1170,Product_1264,Microchip,16,364,348,Customer_401,Automotive,Japan,Europe,701,5824,-5392
3151,1/7/2023,1368,Product_1164,Microchip,33,767,431,Customer_312,Industrial,USA,Europe,295,25311,15576
4081,1/7/2023,1107,Product_1448,Microchip,31,513,4,Customer_435,Automotive,South Korea,Europe,366,15903,4557
373,1/7/2023,1464,Product_1093,Sensor,79,420,460,Customer_298,Industrial,China,Europe,368,33180,4108
7358,1/7/2023,1012,Product_1424,Microchip,87,340,123,Customer_133,Automotive,Germany,Europe,559,29580,-19053
6909,1/7/2023,1259,Product_1270,Robotics,12,150,98,Customer_227,Industrial,China,North America,309,1800,-1908
7302,1/7/2023,1037,Product_1324,Robotics,70,121,301,Customer_263,Automotive,South Korea,North America,283,8470,-11340
3532,1/7/2023,1140,Product_1409,Robotics,6,657,198,Customer_148,Industrial,Japan,Europe,208,3942,2694
2096,1/7/2023,1286,Product_1303,Robotics,5,14,42,Customer_354,Automotive,USA,Asia-Pacific,140,70,-630
2124,1/7/2023,1444,Product_1048,Sensor,34,473,471,Customer_98,Industrial,Germany,Asia-Pacific,770,16082,-10098
5003,1/7/2023,1312,Product_1419,Sensor,17,641,414,Customer_496,Industrial,Germany,Europe,21,10897,10540
4927,1/7/2023,1039,Product_1156,Microchip,30,210,249,Customer_473,Automotive,China,Europe,148,6300,1860
8729,1/7/2023,1432,Product_1441,Sensor,28,529,480,Customer_202,Industrial,Japan,Europe,792,14812,-7364
9186,1/7/2023,1364,Product_1389,Robotics,56,162,380,Customer_105,Consumer Electronics,Germany,Europe,527,9072,-20440
6361,1/7/2023,1444,Product_1006,Sensor,73,954,495,Customer_137,Consumer Electronics,South Korea,Europe,228,69642,52998
4663,1/7/2023,1127,Product_1199,Sensor,46,950,128,Customer_107,Industrial,USA,Europe,656,43700,13524
4552,1/7/2023,1440,Product_1325,Microchip,61,220,135,Customer_196,Automotive,South Korea,Europe,33,13420,11407
21,1/7/2023,1482,Product_1429,Sensor,56,266,257,Customer_21,Industrial,China,North America,680,14896,-23184
7494,1/7/2023,1077,Product_1196,Robotics,91,780,211,Customer_95,Consumer Electronics,Japan,Europe,557,70980,20293
2002,1/7/2023,1474,Product_1288,Microchip,85,699,49,Customer_88,Automotive,South Korea,North America,183,59415,43860
7649,1/7/2023,1114,Product_1389,Robotics,3,31,410,Customer_108,Automotive,Japan,North America,219,93,-564
5702,1/8/2023,1026,Product_1404,Robotics,27,936,338,Customer_242,Consumer Electronics,China,Asia-Pacific,337,25272,16173
9271,1/8/2023,1229,Product_1287,Sensor,61,812,392,Customer_296,Industrial,USA,Europe,155,49532,40077
6893,1/8/2023,1482,Product_1377,Microchip,41,427,477,Customer_471,Consumer Electronics,Germany,North America,607,17507,-7380
1232,1/8/2023,1070,Product_1282,Robotics,44,205,8,Customer_213,Industrial,China,Asia-Pacific,399,9020,-8536
2320,1/8/2023,1046,Product_1075,Microchip,81,301,145,Customer_335,Industrial,Germany,Asia-Pacific,76,24381,18225
641,1/8/2023,1401,Product_1264,Microchip,1,519,475,Customer_225,Consumer Electronics,USA,Europe,225,519,294
7404,1/8/2023,1069,Product_1471,Sensor,86,811,33,Customer_214,Consumer Electronics,South Korea,Asia-Pacific,60,69746,64586
1592,1/8/2023,1198,Product_1056,Microchip,25,381,50,Customer_357,Consumer Electronics,Japan,North America,595,9525,-5350
8918,1/8/2023,1423,Product_1366,Microchip,71,595,192,Customer_239,Consumer Electronics,China,North America,231,42245,25844
7369,1/8/2023,1240,Product_1417,Microchip,86,685,430,Customer_233,Automotive,China,Asia-Pacific,727,58910,-3612
6206,1/8/2023,1358,Product_1195,Sensor,96,99,309,Customer_110,Consumer Electronics,Germany,North America,185,9504,-8256
7042,1/8/2023,1241,Product_1030,Sensor,67,351,143,Customer_83,Automotive,South Korea,Asia-Pacific,24,23517,21909
1311,1/8/2023,1327,Product_1315,Microchip,32,823,109,Customer_367,Automotive,USA,Europe,274,26336,17568
5410,1/8/2023,1092,Product_1279,Microchip,69,327,478,Customer_267,Consumer Electronics,South Korea,Europe,71,22563,17664
6989,1/9/2023,1438,Product_1219,Microchip,28,863,68,Customer_238,Automotive,Germany,Asia-Pacific,20,24164,23604
3873,1/9/2023,1364,Product_1262,Robotics,31,199,112,Customer_76,Automotive,South Korea,North America,526,6169,-10137
9089,1/9/2023,1447,Product_1369,Microchip,45,455,93,Customer_375,Industrial,USA,North America,239,20475,9720
551,1/9/2023,1298,Product_1420,Sensor,52,952,381,Customer_308,Industrial,South Korea,Asia-Pacific,514,49504,22776
2662,1/9/2023,1495,Product_1471,Microchip,24,68,462,Customer_452,Consumer Electronics,China,North America,268,1632,-4800
7053,1/9/2023,1262,Product_1032,Microchip,84,88,341,Customer_420,Consumer Electronics,Japan,Europe,366,7392,-23352
1180,1/9/2023,1236,Product_1101,Robotics,91,392,169,Customer_179,Automotive,Germany,North America,352,35672,3640
7011,1/9/2023,1215,Product_1434,Sensor,65,658,290,Customer_204,Consumer Electronics,China,North America,479,42770,11635
5461,1/9/2023,1392,Product_1272,Robotics,47,903,212,Customer_201,Automotive,USA,Europe,286,42441,28999
8499,1/9/2023,1437,Product_1408,Microchip,47,840,78,Customer_20,Automotive,Japan,Europe,194,39480,30362
3992,1/9/2023,1182,Product_1465,Sensor,75,327,53,Customer_98,Industrial,South Korea,Europe,126,24525,15075
7668,1/9/2023,1231,Product_1355,Robotics,51,373,209,Customer_372,Automotive,Japan,Europe,87,19023,14586
5479,1/9/2023,1319,Product_1411,Microchip,25,498,43,Customer_342,Industrial,China,Asia-Pacific,240,12450,6450
9358,1/9/2023,1245,Product_1430,Microchip,67,496,358,Customer_413,Consumer Electronics,China,North America,619,33232,-8241
7152,1/9/2023,1087,Product_1164,Sensor,33,282,454,Customer_96,Automotive,Japan,Asia-Pacific,762,9306,-15840
282,1/9/2023,1328,Product_1312,Robotics,63,905,44,Customer_313,Consumer Electronics,Germany,North America,599,57015,19278
4519,1/9/2023,1398,Product_1053,Sensor,24,665,367,Customer_270,Automotive,Japan,Europe,497,15960,4032
1089,1/9/2023,1427,Product_1172,Microchip,53,341,111,Customer_125,Automotive,USA,North America,519,18073,-9434
3769,1/9/2023,1365,Product_1463,Sensor,90,368,235,Customer_219,Automotive,China,Asia-Pacific,251,33120,10530
9442,1/9/2023,1163,Product_1274,Sensor,24,112,237,Customer_214,Consumer Electronics,China,Asia-Pacific,177,2688,-1560
1906,1/9/2023,1148,Product_1188,Sensor,69,719,20,Customer_29,Industrial,Germany,Asia-Pacific,527,49611,13248
4606,1/9/2023,1013,Product_1421,Sensor,41,17,336,Customer_151,Consumer Electronics,Japan,Europe,423,697,-16646
6780,1/9/2023,1158,Product_1467,Robotics,89,183,463,Customer_328,Automotive,Japan,North America,409,16287,-20114
8130,1/9/2023,1135,Product_1226,Microchip,57,203,134,Customer_141,Industrial,China,Europe,468,11571,-15105
8207,1/9/2023,1069,Product_1338,Robotics,27,593,281,Customer_341,Automotive,South Korea,Europe,154,16011,11853
3234,1/9/2023,1069,Product_1483,Sensor,69,523,193,Customer_432,Industrial,USA,Europe,142,36087,26289
1984,1/9/2023,1199,Product_1433,Microchip,16,21,453,Customer_292,Automotive,Germany,North America,510,336,-7824
6774,1/9/2023,1250,Product_1027,Microchip,47,241,105,Customer_69,Industrial,USA,North America,339,11327,-4606
7295,1/9/2023,1443,Product_1163,Robotics,95,420,290,Customer_65,Automotive,South Korea,Europe,776,39900,-33820
4528,1/9/2023,1256,Product_1257,Sensor,31,713,211,Customer_310,Industrial,USA,North America,71,22103,19902
7444,1/9/2023,1349,Product_1480,Robotics,96,602,75,Customer_469,Consumer Electronics,China,Europe,237,57792,35040
5229,1/10/2023,1027,Product_1011,Sensor,83,559,44,Customer_9,Industrial,South Korea,Asia-Pacific,25,46397,44322
5876,1/10/2023,1384,Product_1277,Robotics,43,516,321,Customer_367,Automotive,South Korea,Europe,617,22188,-4343
613,1/10/2023,1338,Product_1035,Sensor,47,772,282,Customer_100,Automotive,Germany,North America,5,36284,36049
9208,1/10/2023,1237,Product_1041,Robotics,31,331,456,Customer_366,Automotive,Germany,Europe,781,10261,-13950
1419,1/10/2023,1227,Product_1239,Sensor,40,386,325,Customer_23,Consumer Electronics,Japan,Asia-Pacific,102,15440,11360
5473,1/10/2023,1383,Product_1465,Sensor,41,472,259,Customer_98,Industrial,South Korea,Asia-Pacific,134,19352,13858
4868,1/10/2023,1246,Product_1328,Sensor,12,736,418,Customer_153,Consumer Electronics,USA,Europe,409,8832,3924
7542,1/10/2023,1019,Product_1019,Sensor,62,198,197,Customer_218,Automotive,China,Europe,148,12276,3100
3807,1/10/2023,1455,Product_1264,Robotics,95,103,405,Customer_373,Automotive,Japan,North America,224,9785,-11495
9466,1/10/2023,1262,Product_1241,Microchip,34,20,15,Customer_263,Automotive,South Korea,Asia-Pacific,426,680,-13804
4704,1/10/2023,1191,Product_1373,Sensor,29,397,179,Customer_188,Automotive,South Korea,Asia-Pacific,30,11513,10643
6840,1/10/2023,1189,Product_1280,Robotics,49,799,319,Customer_268,Consumer Electronics,Japan,Europe,540,39151,12691
1653,1/10/2023,1182,Product_1336,Sensor,12,339,313,Customer_211,Industrial,South Korea,Asia-Pacific,289,4068,600
3405,1/10/2023,1171,Product_1213,Microchip,22,251,114,Customer_44,Consumer Electronics,USA,Europe,352,5522,-2222
3651,1/10/2023,1101,Product_1014,Robotics,4,521,329,Customer_361,Consumer Electronics,USA,Asia-Pacific,780,2084,-1036
2786,1/10/2023,1292,Product_1465,Microchip,60,222,142,Customer_322,Consumer Electronics,South Korea,North America,642,13320,-25200
2258,1/10/2023,1411,Product_1083,Robotics,98,833,67,Customer_202,Industrial,Japan,North America,347,81634,47628
5892,1/10/2023,1008,Product_1452,Microchip,83,398,479,Customer_278,Industrial,USA,North America,335,33034,5229
5357,1/10/2023,1205,Product_1298,Microchip,53,104,196,Customer_379,Consumer Electronics,Germany,North America,722,5512,-32754
4036,1/10/2023,1411,Product_1345,Robotics,53,940,10,Customer_285,Industrial,Germany,Europe,205,49820,38955
3705,1/10/2023,1110,Product_1275,Microchip,40,109,345,Customer_416,Automotive,South Korea,Europe,401,4360,-11680
9607,1/10/2023,1048,Product_1457,Microchip,19,582,373,Customer_307,Consumer Electronics,Germany,Asia-Pacific,573,11058,171
557,1/10/2023,1122,Product_1248,Sensor,68,854,434,Customer_194,Consumer Electronics,USA,North America,312,58072,36856
8839,1/10/2023,1453,Product_1326,Robotics,55,516,214,Customer_364,Automotive,China,North America,508,28380,440
4200,1/10/2023,1073,Product_1255,Microchip,12,927,256,Customer_497,Consumer Electronics,Japan,Europe,301,11124,7512
3545,1/10/2023,1158,Product_1461,Sensor,40,48,177,Customer_440,Industrial,USA,North America,50,1920,-80
7603,1/10/2023,1030,Product_1144,Sensor,67,699,301,Customer_261,Consumer Electronics,South Korea,Asia-Pacific,191,46833,34036
3090,1/10/2023,1454,Product_1308,Robotics,81,980,126,Customer_220,Industrial,Germany,North America,642,79380,27378
9654,1/11/2023,1419,Product_1148,Sensor,43,14,17,Customer_226,Automotive,China,Asia-Pacific,779,602,-32895
4393,1/11/2023,1360,Product_1007,Sensor,2,121,58,Customer_469,Industrial,USA,North America,138,242,-34
1503,1/11/2023,1129,Product_1043,Robotics,20,764,495,Customer_138,Automotive,Germany,Europe,130,15280,12680
9937,1/11/2023,1256,Product_1154,Sensor,16,795,197,Customer_205,Industrial,Japan,North America,220,12720,9200
6515,1/11/2023,1015,Product_1145,Microchip,15,706,144,Customer_351,Industrial,China,Asia-Pacific,245,10590,6915
5145,1/11/2023,1404,Product_1361,Robotics,16,18,5,Customer_59,Consumer Electronics,Japan,Europe,231,288,-3408
2292,1/11/2023,1221,Product_1017,Sensor,63,727,47,Customer_7,Industrial,Japan,Asia-Pacific,769,45801,-2646
3052,1/11/2023,1067,Product_1481,Robotics,44,388,213,Customer_25,Industrial,China,Europe,379,17072,396
3332,1/11/2023,1378,Product_1276,Microchip,51,613,177,Customer_207,Automotive,South Korea,Asia-Pacific,786,31263,-8823
4647,1/11/2023,1489,Product_1409,Robotics,78,637,371,Customer_22,Industrial,Japan,Europe,44,49686,46254
3097,1/11/2023,1174,Product_1434,Microchip,86,547,324,Customer_475,Industrial,South Korea,North America,490,47042,4902
9574,1/11/2023,1316,Product_1076,Robotics,3,272,491,Customer_212,Industrial,China,North America,107,816,495
8362,1/11/2023,1158,Product_1006,Microchip,2,910,451,Customer_208,Industrial,USA,Asia-Pacific,552,1820,716
4634,1/11/2023,1311,Product_1254,Microchip,32,138,300,Customer_54,Industrial,Germany,Europe,379,4416,-7712
9212,1/11/2023,1140,Product_1430,Sensor,95,291,278,Customer_344,Automotive,China,Asia-Pacific,612,27645,-30495
8556,1/11/2023,1490,Product_1253,Sensor,82,782,268,Customer_209,Consumer Electronics,South Korea,North America,191,64124,48462
5768,1/11/2023,1339,Product_1002,Robotics,40,412,107,Customer_334,Industrial,China,Europe,618,16480,-8240
2386,1/11/2023,1109,Product_1020,Sensor,75,315,112,Customer_446,Industrial,Japan,North America,209,23625,7950
6715,1/11/2023,1180,Product_1281,Sensor,27,243,372,Customer_479,Consumer Electronics,Germany,Europe,44,6561,5373
7777,1/11/2023,1484,Product_1233,Sensor,40,726,375,Customer_177,Industrial,USA,Europe,44,29040,27280
7072,1/11/2023,1338,Product_1332,Sensor,12,150,45,Customer_314,Automotive,USA,Europe,299,1800,-1788
4055,1/11/2023,1293,Product_1370,Sensor,13,921,492,Customer_294,Industrial,China,Europe,69,11973,11076
4332,1/11/2023,1285,Product_1358,Sensor,53,706,368,Customer_452,Industrial,Germany,Europe,799,37418,-4929
9378,1/11/2023,1176,Product_1077,Microchip,30,530,40,Customer_366,Automotive,Japan,North America,495,15900,1050
6695,1/11/2023,1119,Product_1473,Microchip,78,203,166,Customer_265,Industrial,USA,Asia-Pacific,586,15834,-29874
4673,1/11/2023,1474,Product_1164,Sensor,98,99,217,Customer_39,Consumer Electronics,China,North America,750,9702,-63798
5800,1/11/2023,1280,Product_1124,Microchip,94,926,274,Customer_256,Industrial,USA,Europe,436,87044,46060
9516,1/11/2023,1293,Product_1326,Microchip,37,724,439,Customer_24,Consumer Electronics,China,Asia-Pacific,664,26788,2220
1249,1/11/2023,1229,Product_1357,Robotics,8,885,385,Customer_99,Automotive,USA,North America,604,7080,2248
3413,1/11/2023,1435,Product_1300,Sensor,1,228,411,Customer_169,Consumer Electronics,China,Asia-Pacific,252,228,-24
1587,1/12/2023,1015,Product_1211,Sensor,95,380,355,Customer_335,Consumer Electronics,China,Europe,612,36100,-22040
9485,1/12/2023,1022,Product_1414,Sensor,1,580,96,Customer_272,Industrial,Japan,Europe,717,580,-137
9161,1/12/2023,1109,Product_1299,Microchip,40,752,475,Customer_93,Industrial,South Korea,Asia-Pacific,460,30080,11680
3188,1/12/2023,1466,Product_1229,Microchip,13,442,268,Customer_223,Industrial,South Korea,North America,29,5746,5369
9484,1/12/2023,1081,Product_1039,Robotics,5,709,245,Customer_268,Consumer Electronics,USA,North America,401,3545,1540
6224,1/12/2023,1082,Product_1019,Sensor,24,95,391,Customer_27,Automotive,South Korea,North America,243,2280,-3552
9080,1/12/2023,1135,Product_1201,Robotics,72,86,169,Customer_117,Consumer Electronics,Germany,Europe,681,6192,-42840
3739,1/12/2023,1278,Product_1193,Robotics,17,361,472,Customer_20,Automotive,USA,Europe,231,6137,2210
6958,1/12/2023,1095,Product_1211,Robotics,37,427,477,Customer_325,Automotive,South Korea,Europe,429,15799,-74
541,1/12/2023,1423,Product_1366,Microchip,48,782,365,Customer_153,Consumer Electronics,China,Asia-Pacific,444,37536,16224
9809,1/12/2023,1295,Product_1103,Robotics,68,876,438,Customer_236,Consumer Electronics,Germany,Asia-Pacific,537,59568,23052
6751,1/12/2023,1130,Product_1146,Microchip,12,460,449,Customer_309,Industrial,South Korea,Europe,42,5520,5016
6505,1/12/2023,1130,Product_1435,Sensor,62,519,479,Customer_183,Automotive,South Korea,North America,722,32178,-12586
8489,1/12/2023,1291,Product_1246,Sensor,37,162,124,Customer_54,Industrial,China,North America,322,5994,-5920
9906,1/12/2023,1013,Product_1039,Robotics,87,229,149,Customer_231,Industrial,Germany,North America,58,19923,14877
5157,1/12/2023,1158,Product_1153,Robotics,1,260,140,Customer_92,Automotive,Germany,Europe,81,260,179
7990,1/12/2023,1280,Product_1288,Microchip,76,385,36,Customer_91,Automotive,Germany,North America,589,29260,-15504
6127,1/12/2023,1257,Product_1020,Sensor,75,408,385,Customer_386,Industrial,USA,Europe,85,30600,24225
7412,1/12/2023,1478,Product_1444,Microchip,72,358,66,Customer_378,Industrial,Germany,Europe,490,25776,-9504
644,1/12/2023,1388,Product_1126,Robotics,92,774,116,Customer_473,Consumer Electronics,Germany,Europe,663,71208,10212
5635,1/12/2023,1403,Product_1483,Microchip,85,810,37,Customer_11,Industrial,Germany,North America,338,68850,40120
5539,1/12/2023,1417,Product_1258,Robotics,84,264,486,Customer_298,Consumer Electronics,Germany,Europe,736,22176,-39648
4512,1/12/2023,1196,Product_1166,Robotics,37,306,422,Customer_360,Consumer Electronics,South Korea,North America,48,11322,9546
5191,1/12/2023,1393,Product_1219,Robotics,65,528,55,Customer_200,Consumer Electronics,South Korea,North America,335,34320,12545
65,1/12/2023,1124,Product_1315,Robotics,8,772,411,Customer_252,Consumer Electronics,Germany,Europe,405,6176,2936
8848,1/12/2023,1450,Product_1239,Sensor,29,601,461,Customer_428,Industrial,Germany,North America,360,17429,6989
2091,1/12/2023,1234,Product_1010,Microchip,66,136,97,Customer_426,Automotive,Germany,North America,355,8976,-14454
5467,1/12/2023,1460,Product_1203,Robotics,13,525,214,Customer_262,Industrial,South Korea,Europe,178,6825,4511
7224,1/13/2023,1023,Product_1409,Robotics,96,600,120,Customer_333,Automotive,Japan,Europe,635,57600,-3360
7826,1/13/2023,1468,Product_1338,Robotics,87,487,331,Customer_109,Industrial,China,Asia-Pacific,493,42369,-522
8700,1/13/2023,1366,Product_1320,Microchip,11,249,98,Customer_447,Automotive,USA,Europe,415,2739,-1826
8486,1/13/2023,1313,Product_1412,Microchip,17,307,337,Customer_455,Industrial,Germany,Asia-Pacific,685,5219,-6426
5015,1/13/2023,1228,Product_1230,Microchip,28,294,381,Customer_216,Industrial,USA,Asia-Pacific,483,8232,-5292
1759,1/13/2023,1244,Product_1408,Robotics,7,612,350,Customer_336,Industrial,South Korea,Europe,377,4284,1645
2308,1/13/2023,1327,Product_1073,Sensor,78,990,55,Customer_35,Consumer Electronics,China,Asia-Pacific,131,77220,67002
1948,1/13/2023,1470,Product_1247,Sensor,29,581,345,Customer_422,Automotive,USA,Europe,179,16849,11658
3297,1/13/2023,1069,Product_1168,Sensor,89,137,238,Customer_16,Automotive,China,Europe,119,12193,1602
7507,1/13/2023,1123,Product_1100,Sensor,88,280,289,Customer_44,Automotive,USA,North America,62,24640,19184
630,1/13/2023,1008,Product_1065,Robotics,39,926,352,Customer_219,Automotive,Japan,Asia-Pacific,596,36114,12870
7869,1/13/2023,1271,Product_1334,Robotics,4,780,364,Customer_207,Automotive,China,North America,739,3120,164
5850,1/13/2023,1474,Product_1053,Robotics,79,113,468,Customer_265,Industrial,China,Asia-Pacific,437,8927,-25596
2619,1/13/2023,1498,Product_1176,Sensor,91,420,348,Customer_64,Consumer Electronics,China,Asia-Pacific,659,38220,-21749
4809,1/13/2023,1165,Product_1332,Microchip,32,434,252,Customer_229,Automotive,USA,North America,762,13888,-10496
4177,1/13/2023,1135,Product_1120,Sensor,73,394,121,Customer_209,Automotive,USA,Europe,512,28762,-8614
6243,1/13/2023,1038,Product_1286,Microchip,57,647,53,Customer_9,Automotive,USA,Asia-Pacific,560,36879,4959
3563,1/13/2023,1425,Product_1031,Microchip,3,464,201,Customer_16,Industrial,China,North America,725,1392,-783
5254,1/13/2023,1375,Product_1203,Microchip,55,746,314,Customer_466,Industrial,South Korea,Europe,240,41030,27830
9676,1/13/2023,1327,Product_1198,Sensor,78,371,214,Customer_454,Consumer Electronics,Germany,Europe,286,28938,6630
6772,1/13/2023,1025,Product_1446,Robotics,82,175,432,Customer_126,Industrial,USA,North America,538,14350,-29766
6578,1/13/2023,1337,Product_1412,Microchip,91,664,91,Customer_162,Consumer Electronics,South Korea,Asia-Pacific,664,60424,0
4190,1/13/2023,1002,Product_1486,Microchip,62,406,206,Customer_108,Automotive,USA,Asia-Pacific,465,25172,-3658
5834,1/13/2023,1462,Product_1362,Sensor,4,145,399,Customer_151,Industrial,South Korea,Europe,380,580,-940
6745,1/13/2023,1008,Product_1316,Sensor,3,883,92,Customer_312,Consumer Electronics,Germany,North America,686,2649,591
415,1/13/2023,1083,Product_1301,Sensor,3,854,391,Customer_230,Automotive,South Korea,Asia-Pacific,510,2562,1032
6393,1/13/2023,1308,Product_1106,Sensor,3,335,343,Customer_260,Consumer Electronics,Germany,Asia-Pacific,625,1005,-870
9175,1/13/2023,1165,Product_1157,Microchip,76,515,450,Customer_65,Industrial,China,Europe,520,39140,-380
9233,1/13/2023,1018,Product_1376,Microchip,91,717,64,Customer_439,Consumer Electronics,Germany,Europe,588,65247,11739
583,1/14/2023,1071,Product_1416,Robotics,84,497,427,Customer_471,Industrial,USA,Asia-Pacific,533,41748,-3024
8636,1/14/2023,1231,Product_1410,Sensor,89,290,169,Customer_48,Consumer Electronics,South Korea,North America,700,25810,-36490
1585,1/14/2023,1329,Product_1397,Microchip,30,376,150,Customer_295,Consumer Electronics,China,North America,80,11280,8880
8713,1/14/2023,1412,Product_1244,Robotics,51,561,404,Customer_224,Industrial,South Korea,North America,607,28611,-2346
674,1/14/2023,1149,Product_1139,Sensor,38,51,276,Customer_261,Automotive,China,Europe,359,1938,-11704
9576,1/14/2023,1074,Product_1463,Sensor,58,386,498,Customer_70,Automotive,USA,North America,241,22388,8410
9441,1/14/2023,1003,Product_1207,Robotics,90,44,191,Customer_114,Automotive,USA,Europe,49,3960,-450
442,1/14/2023,1453,Product_1038,Sensor,32,360,351,Customer_211,Industrial,Japan,Asia-Pacific,778,11520,-13376
7374,1/14/2023,1016,Product_1310,Sensor,99,719,153,Customer_277,Consumer Electronics,Germany,Europe,463,71181,25344
3189,1/14/2023,1402,Product_1114,Sensor,20,477,164,Customer_445,Consumer Electronics,USA,Asia-Pacific,426,9540,1020
8895,1/14/2023,1421,Product_1272,Sensor,86,146,290,Customer_242,Automotive,Germany,Asia-Pacific,6,12556,12040
5504,1/14/2023,1467,Product_1455,Microchip,5,860,453,Customer_313,Automotive,South Korea,Asia-Pacific,15,4300,4225
5977,1/14/2023,1217,Product_1392,Robotics,71,184,279,Customer_436,Industrial,Japan,Asia-Pacific,753,13064,-40399
2548,1/14/2023,1450,Product_1332,Sensor,82,878,333,Customer_448,Consumer Electronics,South Korea,North America,199,71996,55678
8254,1/14/2023,1277,Product_1144,Microchip,35,270,211,Customer_460,Automotive,Germany,Europe,413,9450,-5005
7804,1/14/2023,1250,Product_1196,Microchip,15,289,17,Customer_198,Consumer Electronics,China,Europe,435,4335,-2190
2561,1/14/2023,1325,Product_1359,Robotics,32,614,140,Customer_490,Consumer Electronics,South Korea,Europe,407,19648,6624
4013,1/14/2023,1310,Product_1343,Robotics,40,597,468,Customer_276,Consumer Electronics,USA,Asia-Pacific,204,23880,15720
3984,1/14/2023,1380,Product_1159,Sensor,49,808,70,Customer_314,Automotive,South Korea,North America,492,39592,15484
3764,1/14/2023,1183,Product_1242,Microchip,73,764,90,Customer_16,Consumer Electronics,South Korea,North America,754,55772,730
1974,1/14/2023,1253,Product_1341,Microchip,85,105,242,Customer_171,Automotive,China,Asia-Pacific,603,8925,-42330
8253,1/14/2023,1190,Product_1278,Robotics,17,136,31,Customer_310,Automotive,Germany,North America,137,2312,-17
1785,1/14/2023,1312,Product_1356,Sensor,44,801,417,Customer_366,Consumer Electronics,China,North America,55,35244,32824
7170,1/14/2023,1215,Product_1317,Sensor,69,933,332,Customer_1,Automotive,Japan,North America,509,64377,29256
9081,1/14/2023,1189,Product_1038,Microchip,5,212,421,Customer_373,Industrial,Japan,Europe,178,1060,170
6947,1/14/2023,1311,Product_1022,Sensor,61,577,468,Customer_178,Consumer Electronics,Japan,Asia-Pacific,760,35197,-11163
8248,1/14/2023,1122,Product_1386,Sensor,88,86,302,Customer_32,Industrial,Germany,North America,571,7568,-42680
2724,1/14/2023,1447,Product_1019,Sensor,89,537,300,Customer_289,Automotive,USA,Asia-Pacific,458,47793,7031
6196,1/14/2023,1114,Product_1145,Sensor,40,486,498,Customer_476,Automotive,Japan,North America,261,19440,9000
7824,1/14/2023,1456,Product_1040,Microchip,28,15,341,Customer_361,Consumer Electronics,Germany,Asia-Pacific,741,420,-20328
3713,1/14/2023,1213,Product_1423,Sensor,28,481,486,Customer_397,Consumer Electronics,South Korea,Asia-Pacific,165,13468,8848
478,1/15/2023,1307,Product_1079,Robotics,16,168,116,Customer_337,Industrial,South Korea,North America,267,2688,-1584
5641,1/15/2023,1204,Product_1436,Sensor,95,570,257,Customer_444,Industrial,South Korea,North America,285,54150,27075
1963,1/15/2023,1100,Product_1243,Robotics,94,369,205,Customer_355,Consumer Electronics,Japan,Europe,181,34686,17672
5444,1/15/2023,1449,Product_1206,Sensor,25,370,70,Customer_199,Automotive,USA,Europe,580,9250,-5250
9285,1/15/2023,1408,Product_1063,Microchip,41,205,438,Customer_113,Industrial,South Korea,North America,443,8405,-9758
9320,1/15/2023,1398,Product_1123,Robotics,75,841,498,Customer_24,Industrial,Germany,North America,111,63075,54750
6240,1/15/2023,1093,Product_1364,Robotics,18,754,451,Customer_108,Industrial,Germany,Europe,515,13572,4302
1211,1/15/2023,1244,Product_1255,Sensor,4,354,166,Customer_98,Industrial,South Korea,Europe,53,1416,1204
521,1/15/2023,1433,Product_1015,Microchip,16,962,231,Customer_261,Industrial,China,Europe,215,15392,11952
6296,1/15/2023,1438,Product_1341,Sensor,82,911,394,Customer_248,Industrial,South Korea,Europe,539,74702,30504
4305,1/15/2023,1287,Product_1126,Sensor,68,924,175,Customer_108,Automotive,South Korea,Asia-Pacific,412,62832,34816
9505,1/15/2023,1348,Product_1362,Robotics,24,199,418,Customer_105,Automotive,USA,Europe,38,4776,3864
1992,1/15/2023,1430,Product_1088,Robotics,42,639,237,Customer_251,Automotive,China,North America,778,26838,-5838
2376,1/15/2023,1302,Product_1403,Sensor,5,888,116,Customer_166,Automotive,Germany,Europe,510,4440,1890
8874,1/15/2023,1429,Product_1031,Robotics,21,133,394,Customer_386,Industrial,USA,North America,777,2793,-13524
4099,1/15/2023,1356,Product_1393,Robotics,80,461,320,Customer_470,Automotive,USA,North America,165,36880,23680
6289,1/15/2023,1379,Product_1244,Microchip,98,908,317,Customer_70,Consumer Electronics,Japan,Asia-Pacific,455,88984,44394
7751,1/16/2023,1309,Product_1042,Microchip,49,441,102,Customer_284,Consumer Electronics,Germany,Europe,234,21609,10143
1048,1/16/2023,1097,Product_1483,Sensor,39,191,470,Customer_61,Automotive,South Korea,Asia-Pacific,400,7449,-8151
7784,1/16/2023,1122,Product_1234,Microchip,79,848,451,Customer_42,Automotive,South Korea,Asia-Pacific,359,66992,38631
7951,1/16/2023,1323,Product_1180,Sensor,36,451,252,Customer_153,Consumer Electronics,Germany,North America,170,16236,10116
7120,1/16/2023,1257,Product_1195,Robotics,58,360,321,Customer_130,Automotive,China,Europe,13,20880,20126
9829,1/16/2023,1164,Product_1251,Microchip,81,344,185,Customer_259,Consumer Electronics,USA,North America,161,27864,14823
1188,1/16/2023,1212,Product_1379,Microchip,78,515,76,Customer_212,Industrial,USA,North America,538,40170,-1794
9824,1/16/2023,1117,Product_1495,Microchip,42,37,139,Customer_95,Consumer Electronics,South Korea,Asia-Pacific,697,1554,-27720
3209,1/16/2023,1056,Product_1103,Robotics,66,493,257,Customer_211,Automotive,South Korea,Europe,366,32538,8382
5386,1/16/2023,1207,Product_1173,Robotics,10,157,76,Customer_307,Industrial,Japan,Asia-Pacific,587,1570,-4300
2011,1/16/2023,1453,Product_1363,Robotics,93,15,328,Customer_55,Consumer Electronics,Germany,Asia-Pacific,255,1395,-22320
6355,1/16/2023,1430,Product_1062,Robotics,75,321,234,Customer_160,Consumer Electronics,South Korea,Europe,113,24075,15600
7309,1/16/2023,1248,Product_1475,Sensor,5,133,35,Customer_444,Automotive,China,Europe,414,665,-1405
379,1/16/2023,1138,Product_1165,Microchip,12,907,319,Customer_109,Consumer Electronics,Japan,North America,305,10884,7224
1395,1/16/2023,1408,Product_1087,Sensor,54,114,86,Customer_221,Consumer Electronics,South Korea,Europe,9,6156,5670
4343,1/16/2023,1012,Product_1186,Sensor,21,332,93,Customer_386,Consumer Electronics,China,North America,372,6972,-840
2107,1/16/2023,1342,Product_1320,Microchip,30,95,453,Customer_335,Consumer Electronics,South Korea,Asia-Pacific,315,2850,-6600
3839,1/16/2023,1380,Product_1404,Microchip,12,236,52,Customer_494,Automotive,South Korea,Europe,363,2832,-1524
7877,1/16/2023,1202,Product_1093,Microchip,40,280,72,Customer_8,Automotive,Japan,North America,282,11200,-80
6512,1/16/2023,1140,Product_1289,Robotics,86,389,325,Customer_115,Consumer Electronics,Germany,Europe,262,33454,10922
9718,1/16/2023,1428,Product_1258,Microchip,93,168,419,Customer_390,Consumer Electronics,South Korea,North America,535,15624,-34131
9598,1/16/2023,1021,Product_1279,Microchip,47,916,188,Customer_121,Industrial,China,Europe,310,43052,28482
2449,1/16/2023,1261,Product_1111,Microchip,89,923,433,Customer_115,Industrial,Germany,Asia-Pacific,505,82147,37202
8949,1/16/2023,1033,Product_1169,Microchip,13,397,202,Customer_393,Consumer Electronics,USA,North America,632,5161,-3055
4591,1/16/2023,1328,Product_1426,Sensor,76,890,56,Customer_215,Automotive,South Korea,North America,617,67640,20748
6710,1/16/2023,1034,Product_1491,Robotics,41,384,336,Customer_250,Automotive,Germany,North America,557,15744,-7093
8194,1/16/2023,1437,Product_1496,Microchip,61,412,339,Customer_176,Industrial,South Korea,North America,7,25132,24705
118,1/16/2023,1149,Product_1343,Robotics,20,292,121,Customer_105,Automotive,Japan,Asia-Pacific,17,5840,5500
6450,1/16/2023,1011,Product_1331,Sensor,51,215,413,Customer_149,Consumer Electronics,USA,North America,777,10965,-28662
564,1/16/2023,1115,Product_1280,Sensor,25,851,150,Customer_334,Automotive,Japan,Europe,412,21275,10975
2087,1/16/2023,1047,Product_1345,Robotics,10,753,500,Customer_458,Consumer Electronics,South Korea,North America,230,7530,5230
9517,1/16/2023,1338,Product_1361,Robotics,16,168,492,Customer_276,Industrial,China,Europe,220,2688,-832
5047,1/16/2023,1145,Product_1446,Robotics,25,21,12,Customer_56,Industrial,South Korea,Europe,305,525,-7100
7430,1/16/2023,1241,Product_1248,Sensor,65,61,299,Customer_334,Industrial,South Korea,Asia-Pacific,521,3965,-29900
9907,1/16/2023,1129,Product_1112,Robotics,87,523,119,Customer_267,Industrial,China,North America,519,45501,348
9391,1/16/2023,1476,Product_1272,Robotics,47,735,237,Customer_162,Consumer Electronics,Germany,Europe,127,34545,28576
6141,1/16/2023,1340,Product_1307,Microchip,2,586,128,Customer_403,Industrial,China,Asia-Pacific,377,1172,418
9347,1/16/2023,1419,Product_1040,Robotics,11,772,445,Customer_232,Automotive,Germany,Europe,786,8492,-154
2465,1/16/2023,1172,Product_1017,Microchip,80,913,123,Customer_73,Consumer Electronics,China,Asia-Pacific,408,73040,40400
4859,1/16/2023,1436,Product_1418,Microchip,68,542,125,Customer_358,Industrial,Japan,Asia-Pacific,301,36856,16388
5326,1/16/2023,1282,Product_1361,Microchip,98,897,215,Customer_219,Industrial,China,North America,664,87906,22834
3467,1/16/2023,1431,Product_1271,Microchip,41,148,430,Customer_153,Consumer Electronics,Japan,Asia-Pacific,161,6068,-533
870,1/16/2023,1075,Product_1274,Microchip,48,687,42,Customer_230,Industrial,USA,Europe,297,32976,18720
6120,1/16/2023,1023,Product_1325,Microchip,52,882,425,Customer_297,Automotive,USA,Asia-Pacific,256,45864,32552
1268,1/16/2023,1462,Product_1193,Sensor,27,287,412,Customer_416,Industrial,Germany,Europe,666,7749,-10233
3275,1/17/2023,1039,Product_1215,Microchip,69,645,434,Customer_276,Consumer Electronics,USA,Asia-Pacific,173,44505,32568
8996,1/17/2023,1044,Product_1422,Microchip,86,485,326,Customer_362,Industrial,South Korea,Asia-Pacific,670,41710,-15910
5119,1/17/2023,1350,Product_1358,Microchip,88,845,488,Customer_91,Automotive,South Korea,Asia-Pacific,781,74360,5632
9556,1/17/2023,1162,Product_1336,Microchip,12,612,80,Customer_51,Consumer Electronics,Germany,Europe,55,7344,6684
759,1/17/2023,1351,Product_1290,Microchip,44,113,365,Customer_420,Consumer Electronics,South Korea,Asia-Pacific,360,4972,-10868
5931,1/17/2023,1193,Product_1073,Robotics,71,230,265,Customer_247,Consumer Electronics,South Korea,North America,519,16330,-20519
2219,1/17/2023,1111,Product_1008,Sensor,86,531,199,Customer_118,Industrial,South Korea,North America,538,45666,-602
2558,1/17/2023,1259,Product_1083,Robotics,53,880,276,Customer_305,Industrial,Germany,Asia-Pacific,411,46640,24857
4373,1/17/2023,1493,Product_1100,Microchip,90,617,105,Customer_129,Consumer Electronics,Japan,Europe,294,55530,29070
5862,1/17/2023,1161,Product_1271,Microchip,61,255,88,Customer_316,Consumer Electronics,Germany,Europe,733,15555,-29158
9486,1/17/2023,1032,Product_1299,Robotics,82,774,499,Customer_153,Industrial,Japan,Europe,221,63468,45346
7632,1/17/2023,1282,Product_1275,Sensor,66,407,353,Customer_104,Automotive,Japan,Europe,252,26862,10230
3852,1/17/2023,1454,Product_1318,Sensor,59,220,317,Customer_266,Consumer Electronics,Germany,Europe,145,12980,4425
7283,1/17/2023,1046,Product_1054,Sensor,35,940,467,Customer_42,Automotive,Japan,Asia-Pacific,744,32900,6860
1039,1/17/2023,1007,Product_1431,Microchip,48,809,44,Customer_145,Automotive,USA,Europe,773,38832,1728
976,1/17/2023,1252,Product_1155,Sensor,12,609,62,Customer_465,Consumer Electronics,Japan,Europe,190,7308,5028
6236,1/17/2023,1029,Product_1032,Microchip,41,499,34,Customer_406,Industrial,Japan,Europe,388,20459,4551
9139,1/17/2023,1010,Product_1437,Microchip,77,258,437,Customer_365,Automotive,USA,Asia-Pacific,611,19866,-27181
7716,1/17/2023,1428,Product_1043,Microchip,77,66,469,Customer_77,Consumer Electronics,South Korea,North America,515,5082,-34573
1014,1/17/2023,1440,Product_1305,Microchip,64,488,81,Customer_143,Industrial,USA,North America,186,31232,19328
1738,1/17/2023,1356,Product_1281,Microchip,28,568,110,Customer_185,Automotive,USA,Asia-Pacific,648,15904,-2240
5453,1/17/2023,1078,Product_1428,Microchip,18,79,142,Customer_138,Automotive,South Korea,Europe,315,1422,-4248
1722,1/18/2023,1135,Product_1424,Sensor,48,529,209,Customer_171,Consumer Electronics,Germany,North America,352,25392,8496
5838,1/18/2023,1188,Product_1114,Microchip,4,232,151,Customer_25,Consumer Electronics,Japan,North America,181,928,204
5417,1/18/2023,1466,Product_1160,Microchip,57,760,350,Customer_185,Industrial,Germany,North America,446,43320,17898
9063,1/18/2023,1251,Product_1055,Robotics,18,287,389,Customer_342,Automotive,USA,Europe,416,5166,-2322
3508,1/18/2023,1220,Product_1479,Sensor,4,182,325,Customer_312,Consumer Electronics,South Korea,North America,509,728,-1308
2434,1/18/2023,1048,Product_1395,Sensor,34,358,117,Customer_182,Consumer Electronics,USA,Europe,419,12172,-2074
394,1/18/2023,1464,Product_1125,Microchip,55,340,309,Customer_450,Automotive,South Korea,Europe,595,18700,-14025
9765,1/18/2023,1254,Product_1448,Robotics,7,892,151,Customer_253,Industrial,Japan,North America,317,6244,4025
2036,1/18/2023,1152,Product_1094,Robotics,95,756,485,Customer_50,Consumer Electronics,Germany,Asia-Pacific,521,71820,22325
918,1/18/2023,1357,Product_1390,Microchip,65,538,33,Customer_414,Industrial,South Korea,Asia-Pacific,426,34970,7280
6440,1/18/2023,1161,Product_1003,Sensor,47,994,175,Customer_276,Automotive,USA,Asia-Pacific,351,46718,30221
5873,1/18/2023,1418,Product_1155,Microchip,93,80,497,Customer_158,Automotive,Japan,Europe,694,7440,-57102
1559,1/18/2023,1188,Product_1244,Robotics,92,698,80,Customer_47,Consumer Electronics,South Korea,North America,658,64216,3680
7924,1/18/2023,1229,Product_1472,Robotics,93,610,27,Customer_5,Automotive,South Korea,Europe,57,56730,51429
776,1/18/2023,1167,Product_1036,Sensor,27,763,321,Customer_251,Consumer Electronics,USA,Asia-Pacific,65,20601,18846
6499,1/18/2023,1420,Product_1093,Microchip,52,88,130,Customer_118,Consumer Electronics,China,Europe,485,4576,-20644
2425,1/18/2023,1134,Product_1442,Sensor,40,678,6,Customer_356,Consumer Electronics,Japan,North America,372,27120,12240
5999,1/18/2023,1017,Product_1278,Microchip,12,938,10,Customer_461,Consumer Electronics,South Korea,North America,499,11256,5268
2907,1/18/2023,1407,Product_1390,Sensor,17,418,160,Customer_356,Automotive,China,North America,765,7106,-5899
5356,1/18/2023,1193,Product_1049,Robotics,37,886,340,Customer_242,Consumer Electronics,Germany,Europe,556,32782,12210
8004,1/18/2023,1213,Product_1453,Robotics,89,377,431,Customer_360,Automotive,Germany,North America,37,33553,30260
9875,1/18/2023,1128,Product_1099,Robotics,68,993,215,Customer_327,Consumer Electronics,China,Europe,427,67524,38488
7203,1/18/2023,1146,Product_1463,Sensor,54,779,262,Customer_393,Industrial,Japan,North America,286,42066,26622
7989,1/18/2023,1463,Product_1493,Sensor,21,467,199,Customer_235,Automotive,Japan,Asia-Pacific,780,9807,-6573
2770,1/18/2023,1496,Product_1178,Microchip,4,175,323,Customer_359,Automotive,USA,North America,796,700,-2484
7794,1/18/2023,1413,Product_1195,Sensor,9,61,285,Customer_255,Consumer Electronics,Germany,Asia-Pacific,759,549,-6282
2243,1/18/2023,1032,Product_1369,Sensor,36,793,117,Customer_166,Automotive,South Korea,Europe,198,28548,21420
97,1/18/2023,1477,Product_1211,Microchip,64,492,298,Customer_267,Industrial,Japan,Asia-Pacific,425,31488,4288
485,1/18/2023,1445,Product_1177,Microchip,58,177,303,Customer_50,Consumer Electronics,Germany,North America,33,10266,8352
1452,1/18/2023,1068,Product_1040,Robotics,55,802,347,Customer_36,Consumer Electronics,South Korea,North America,760,44110,2310
4659,1/19/2023,1346,Product_1151,Microchip,69,977,281,Customer_344,Industrial,USA,Europe,69,67413,62652
1698,1/19/2023,1140,Product_1260,Microchip,44,54,282,Customer_74,Industrial,South Korea,Asia-Pacific,461,2376,-17908
8434,1/19/2023,1055,Product_1133,Sensor,32,31,57,Customer_98,Industrial,Germany,Asia-Pacific,771,992,-23680
5648,1/19/2023,1308,Product_1182,Microchip,37,526,435,Customer_126,Automotive,Japan,North America,576,19462,-1850
5634,1/19/2023,1183,Product_1343,Sensor,7,637,34,Customer_37,Automotive,China,Europe,431,4459,1442
9036,1/19/2023,1414,Product_1454,Sensor,47,885,161,Customer_168,Industrial,Germany,Europe,369,41595,24252
2544,1/19/2023,1222,Product_1139,Sensor,13,523,166,Customer_133,Consumer Electronics,Japan,North America,429,6799,1222
5759,1/19/2023,1480,Product_1445,Microchip,33,370,323,Customer_20,Consumer Electronics,Germany,North America,591,12210,-7293
6879,1/19/2023,1075,Product_1441,Sensor,12,880,402,Customer_211,Automotive,South Korea,Asia-Pacific,232,10560,7776
2640,1/19/2023,1402,Product_1357,Robotics,90,378,116,Customer_194,Industrial,USA,North America,604,34020,-20340
6461,1/19/2023,1292,Product_1198,Sensor,86,276,387,Customer_455,Automotive,China,North America,797,23736,-44806
3164,1/19/2023,1068,Product_1352,Sensor,82,377,329,Customer_416,Consumer Electronics,Germany,Europe,768,30914,-32062
6065,1/19/2023,1175,Product_1194,Microchip,93,16,440,Customer_422,Automotive,USA,North America,709,1488,-64449
6987,1/19/2023,1414,Product_1275,Sensor,79,81,491,Customer_280,Industrial,Japan,Asia-Pacific,247,6399,-13114
9389,1/19/2023,1457,Product_1217,Microchip,80,809,376,Customer_310,Automotive,Japan,Asia-Pacific,253,64720,44480
6456,1/19/2023,1169,Product_1033,Sensor,47,148,89,Customer_476,Automotive,South Korea,Europe,143,6956,235
8052,1/19/2023,1344,Product_1428,Microchip,57,260,242,Customer_368,Consumer Electronics,Germany,Asia-Pacific,544,14820,-16188
6885,1/19/2023,1430,Product_1015,Microchip,29,383,63,Customer_250,Consumer Electronics,South Korea,North America,54,11107,9541
8564,1/19/2023,1131,Product_1279,Microchip,15,732,490,Customer_445,Automotive,China,Asia-Pacific,168,10980,8460
9252,1/19/2023,1295,Product_1343,Microchip,60,387,320,Customer_309,Consumer Electronics,China,Asia-Pacific,266,23220,7260
743,1/19/2023,1446,Product_1249,Microchip,93,520,337,Customer_100,Consumer Electronics,Germany,Asia-Pacific,464,48360,5208
8364,1/19/2023,1041,Product_1468,Robotics,21,283,428,Customer_32,Industrial,South Korea,North America,601,5943,-6678
497,1/19/2023,1387,Product_1218,Sensor,96,443,338,Customer_19,Automotive,Germany,Asia-Pacific,526,42528,-7968
2245,1/19/2023,1173,Product_1062,Robotics,35,86,193,Customer_136,Consumer Electronics,South Korea,Europe,21,3010,2275
9279,1/19/2023,1013,Product_1141,Robotics,18,945,324,Customer_373,Industrial,Japan,Europe,582,17010,6534
8761,1/19/2023,1288,Product_1469,Microchip,32,370,264,Customer_218,Consumer Electronics,China,Asia-Pacific,631,11840,-8352
1521,1/19/2023,1339,Product_1246,Microchip,82,907,10,Customer_484,Consumer Electronics,Japan,North America,158,74374,61418
4432,1/19/2023,1251,Product_1301,Robotics,34,286,352,Customer_163,Automotive,USA,North America,174,9724,3808
2390,1/19/2023,1377,Product_1215,Microchip,19,69,125,Customer_31,Consumer Electronics,South Korea,Asia-Pacific,27,1311,798
9815,1/19/2023,1038,Product_1298,Robotics,80,661,253,Customer_133,Industrial,China,North America,173,52880,39040
2972,1/19/2023,1084,Product_1091,Microchip,21,700,68,Customer_62,Automotive,Germany,North America,113,14700,12327
3715,1/20/2023,1202,Product_1321,Sensor,52,541,386,Customer_212,Industrial,Germany,North America,289,28132,13104
2077,1/20/2023,1060,Product_1189,Microchip,34,844,284,Customer_474,Automotive,USA,Asia-Pacific,538,28696,10404
1385,1/20/2023,1222,Product_1362,Sensor,94,795,345,Customer_26,Industrial,South Korea,Asia-Pacific,675,74730,11280
9791,1/20/2023,1160,Product_1401,Sensor,56,371,396,Customer_224,Consumer Electronics,Germany,Asia-Pacific,534,20776,-9128
5958,1/20/2023,1211,Product_1272,Sensor,97,571,122,Customer_484,Automotive,South Korea,Asia-Pacific,561,55387,970
7556,1/20/2023,1427,Product_1231,Sensor,3,184,219,Customer_278,Consumer Electronics,Japan,North America,551,552,-1101
5273,1/20/2023,1172,Product_1192,Sensor,19,917,471,Customer_312,Consumer Electronics,South Korea,North America,678,17423,4541
5936,1/20/2023,1060,Product_1468,Robotics,12,140,174,Customer_268,Industrial,Japan,Europe,145,1680,-60
2045,1/20/2023,1313,Product_1358,Sensor,32,397,336,Customer_53,Automotive,South Korea,Asia-Pacific,439,12704,-1344
4715,1/20/2023,1109,Product_1464,Sensor,12,162,177,Customer_292,Consumer Electronics,China,Asia-Pacific,499,1944,-4044
3110,1/20/2023,1093,Product_1329,Microchip,43,61,467,Customer_306,Consumer Electronics,Germany,North America,220,2623,-6837
9458,1/20/2023,1161,Product_1317,Sensor,68,660,136,Customer_490,Industrial,South Korea,North America,624,44880,2448
437,1/20/2023,1357,Product_1300,Microchip,49,403,156,Customer_411,Automotive,South Korea,North America,677,19747,-13426
8769,1/20/2023,1460,Product_1349,Microchip,3,622,467,Customer_79,Industrial,Japan,North America,228,1866,1182
5361,1/20/2023,1441,Product_1400,Microchip,55,458,323,Customer_38,Automotive,Japan,North America,273,25190,10175
3521,1/20/2023,1464,Product_1436,Sensor,38,863,41,Customer_475,Consumer Electronics,Germany,Europe,107,32794,28728
3640,1/20/2023,1258,Product_1382,Microchip,96,331,390,Customer_124,Automotive,China,Europe,749,31776,-40128
7482,1/20/2023,1061,Product_1470,Robotics,52,252,232,Customer_79,Industrial,Japan,Asia-Pacific,148,13104,5408
6001,1/20/2023,1195,Product_1403,Sensor,6,973,5,Customer_363,Industrial,Germany,North America,110,5838,5178
3858,1/20/2023,1037,Product_1210,Microchip,36,812,490,Customer_197,Automotive,Germany,Asia-Pacific,322,29232,17640
1578,1/20/2023,1462,Product_1212,Sensor,78,559,64,Customer_300,Consumer Electronics,South Korea,North America,629,43602,-5460
388,1/20/2023,1482,Product_1364,Robotics,29,822,219,Customer_380,Consumer Electronics,Germany,Asia-Pacific,574,23838,7192
4257,1/21/2023,1309,Product_1053,Microchip,97,679,67,Customer_443,Consumer Electronics,Germany,North America,462,65863,21049
2004,1/21/2023,1351,Product_1398,Microchip,22,921,310,Customer_251,Consumer Electronics,Germany,Asia-Pacific,644,20262,6094
2871,1/21/2023,1418,Product_1052,Microchip,81,679,480,Customer_225,Automotive,Japan,North America,414,54999,21465
725,1/21/2023,1245,Product_1264,Microchip,30,594,331,Customer_400,Automotive,South Korea,North America,56,17820,16140
7290,1/21/2023,1398,Product_1124,Sensor,70,23,447,Customer_93,Automotive,China,Europe,391,1610,-25760
2780,1/21/2023,1330,Product_1446,Microchip,18,747,175,Customer_410,Consumer Electronics,China,Asia-Pacific,297,13446,8100
4855,1/21/2023,1423,Product_1326,Microchip,71,535,29,Customer_166,Consumer Electronics,Germany,North America,651,37985,-8236
6026,1/21/2023,1294,Product_1176,Robotics,34,767,195,Customer_467,Industrial,USA,North America,671,26078,3264
1741,1/21/2023,1186,Product_1077,Microchip,15,194,103,Customer_81,Industrial,China,Asia-Pacific,242,2910,-720
7904,1/21/2023,1436,Product_1409,Microchip,27,410,408,Customer_370,Consumer Electronics,South Korea,Asia-Pacific,23,11070,10449
439,1/21/2023,1497,Product_1262,Sensor,92,331,419,Customer_232,Industrial,China,Asia-Pacific,412,30452,-7452
7940,1/21/2023,1332,Product_1156,Microchip,27,288,16,Customer_22,Consumer Electronics,Germany,North America,364,7776,-2052
9083,1/21/2023,1441,Product_1276,Microchip,95,20,455,Customer_189,Automotive,South Korea,North America,35,1900,-1425
920,1/21/2023,1090,Product_1421,Microchip,1,714,340,Customer_47,Automotive,Germany,North America,358,714,356
251,1/21/2023,1229,Product_1093,Robotics,64,697,269,Customer_42,Industrial,China,Asia-Pacific,317,44608,24320
5647,1/21/2023,1313,Product_1261,Microchip,19,727,223,Customer_254,Industrial,Germany,Europe,748,13813,-399
3066,1/21/2023,1075,Product_1495,Sensor,8,83,33,Customer_114,Consumer Electronics,Japan,Europe,532,664,-3592
1365,1/21/2023,1418,Product_1447,Sensor,26,328,155,Customer_158,Industrial,Japan,Asia-Pacific,510,8528,-4732
2464,1/21/2023,1427,Product_1158,Microchip,94,15,131,Customer_447,Automotive,Japan,Asia-Pacific,539,1410,-49256
6527,1/21/2023,1490,Product_1196,Sensor,68,631,44,Customer_331,Automotive,Germany,Europe,671,42908,-2720
8385,1/21/2023,1129,Product_1084,Sensor,37,31,302,Customer_11,Consumer Electronics,South Korea,Asia-Pacific,672,1147,-23717
4926,1/21/2023,1003,Product_1197,Robotics,71,979,201,Customer_26,Industrial,Japan,North America,730,69509,17679
2703,1/21/2023,1058,Product_1152,Sensor,40,909,96,Customer_433,Industrial,South Korea,Asia-Pacific,138,36360,30840
4640,1/21/2023,1265,Product_1041,Robotics,62,420,497,Customer_161,Automotive,Germany,Asia-Pacific,762,26040,-21204
6602,1/21/2023,1010,Product_1031,Robotics,31,744,449,Customer_101,Automotive,South Korea,Europe,41,23064,21793
4526,1/22/2023,1465,Product_1354,Sensor,98,405,299,Customer_255,Industrial,Germany,Europe,494,39690,-8722
4741,1/22/2023,1485,Product_1067,Robotics,99,609,203,Customer_367,Consumer Electronics,Japan,Europe,210,60291,39501
4237,1/22/2023,1485,Product_1159,Robotics,21,711,467,Customer_37,Industrial,USA,Europe,21,14931,14490
8562,1/22/2023,1073,Product_1295,Sensor,15,430,447,Customer_311,Automotive,Germany,North America,188,6450,3630
9969,1/22/2023,1006,Product_1125,Microchip,81,718,115,Customer_24,Automotive,South Korea,Europe,684,58158,2754
8169,1/22/2023,1474,Product_1473,Microchip,9,864,369,Customer_259,Automotive,China,North America,643,7776,1989
8440,1/22/2023,1007,Product_1090,Sensor,24,396,60,Customer_49,Automotive,South Korea,North America,572,9504,-4224
746,1/22/2023,1370,Product_1250,Microchip,70,61,355,Customer_154,Automotive,Japan,Asia-Pacific,48,4270,910
4959,1/22/2023,1140,Product_1464,Microchip,79,163,410,Customer_368,Industrial,Japan,North America,158,12877,395
5161,1/22/2023,1261,Product_1263,Robotics,66,581,33,Customer_129,Industrial,USA,North America,640,38346,-3894
633,1/22/2023,1199,Product_1074,Microchip,50,76,455,Customer_348,Industrial,China,North America,587,3800,-25550
2160,1/22/2023,1271,Product_1494,Microchip,7,767,312,Customer_482,Consumer Electronics,Japan,Europe,459,5369,2156
8631,1/22/2023,1466,Product_1197,Microchip,29,133,262,Customer_187,Consumer Electronics,Japan,North America,796,3857,-19227
7563,1/22/2023,1421,Product_1020,Sensor,18,476,91,Customer_358,Industrial,China,Europe,162,8568,5652
962,1/22/2023,1200,Product_1284,Robotics,28,567,321,Customer_132,Consumer Electronics,China,Europe,711,15876,-4032
2821,1/22/2023,1344,Product_1269,Microchip,93,193,137,Customer_47,Automotive,Germany,North America,369,17949,-16368
4679,1/22/2023,1379,Product_1050,Sensor,91,99,341,Customer_490,Industrial,Germany,North America,159,9009,-5460
5264,1/22/2023,1260,Product_1462,Microchip,43,254,371,Customer_138,Industrial,South Korea,Asia-Pacific,297,10922,-1849
6080,1/22/2023,1301,Product_1369,Robotics,83,764,446,Customer_342,Consumer Electronics,Japan,North America,283,63412,39923
5194,1/22/2023,1068,Product_1205,Microchip,44,771,335,Customer_342,Industrial,China,North America,32,33924,32516
6894,1/22/2023,1369,Product_1382,Robotics,97,991,432,Customer_312,Automotive,China,Europe,313,96127,65766
9796,1/22/2023,1121,Product_1401,Microchip,88,198,305,Customer_451,Consumer Electronics,Germany,Asia-Pacific,617,17424,-36872
9329,1/22/2023,1190,Product_1268,Robotics,37,497,363,Customer_149,Industrial,China,North America,745,18389,-9176
2279,1/22/2023,1431,Product_1332,Robotics,25,966,26,Customer_426,Industrial,China,Asia-Pacific,645,24150,8025
3075,1/22/2023,1298,Product_1106,Microchip,57,256,450,Customer_232,Consumer Electronics,Germany,North America,181,14592,4275
1120,1/22/2023,1351,Product_1149,Robotics,67,321,189,Customer_212,Automotive,USA,Asia-Pacific,507,21507,-12462
423,1/22/2023,1240,Product_1364,Robotics,37,542,481,Customer_14,Automotive,South Korea,North America,135,20054,15059
5789,1/22/2023,1328,Product_1303,Sensor,47,61,441,Customer_160,Industrial,Japan,North America,263,2867,-9494
1545,1/23/2023,1197,Product_1264,Sensor,76,538,213,Customer_214,Automotive,Germany,Europe,503,40888,2660
7952,1/23/2023,1265,Product_1348,Microchip,54,269,213,Customer_194,Industrial,Japan,North America,296,14526,-1458
7638,1/23/2023,1073,Product_1129,Microchip,71,409,477,Customer_75,Consumer Electronics,USA,Europe,203,29039,14626
1859,1/23/2023,1141,Product_1187,Sensor,74,142,334,Customer_336,Industrial,Germany,Europe,528,10508,-28564
8209,1/23/2023,1198,Product_1401,Robotics,66,306,209,Customer_366,Consumer Electronics,Japan,Asia-Pacific,82,20196,14784
650,1/23/2023,1140,Product_1464,Robotics,63,759,318,Customer_361,Consumer Electronics,China,Europe,389,47817,23310
6226,1/23/2023,1318,Product_1240,Microchip,18,684,360,Customer_231,Consumer Electronics,South Korea,Asia-Pacific,553,12312,2358
1414,1/23/2023,1211,Product_1120,Sensor,93,590,19,Customer_411,Consumer Electronics,China,Europe,658,54870,-6324
8693,1/23/2023,1051,Product_1068,Sensor,72,350,203,Customer_385,Consumer Electronics,South Korea,Asia-Pacific,51,25200,21528
3204,1/23/2023,1109,Product_1075,Microchip,46,145,134,Customer_474,Industrial,Germany,Europe,772,6670,-28842
7148,1/23/2023,1176,Product_1020,Robotics,52,562,80,Customer_36,Consumer Electronics,Germany,Europe,334,29224,11856
458,1/23/2023,1162,Product_1363,Sensor,80,669,392,Customer_471,Industrial,China,Asia-Pacific,719,53520,-4000
4571,1/23/2023,1125,Product_1357,Robotics,18,688,61,Customer_221,Industrial,Germany,North America,143,12384,9810
3227,1/23/2023,1130,Product_1426,Sensor,70,698,457,Customer_293,Industrial,Japan,Asia-Pacific,715,48860,-1190
3928,1/23/2023,1328,Product_1194,Microchip,39,488,467,Customer_86,Consumer Electronics,USA,North America,16,19032,18408
6631,1/23/2023,1157,Product_1113,Microchip,49,786,22,Customer_347,Consumer Electronics,Japan,Asia-Pacific,19,38514,37583
9985,1/23/2023,1262,Product_1200,Microchip,32,517,341,Customer_91,Industrial,China,North America,315,16544,6464
1397,1/23/2023,1389,Product_1100,Microchip,22,977,180,Customer_323,Consumer Electronics,Germany,Asia-Pacific,587,21494,8580
6597,1/23/2023,1469,Product_1210,Sensor,48,466,273,Customer_38,Industrial,USA,Asia-Pacific,763,22368,-14256
3592,1/23/2023,1245,Product_1070,Robotics,11,300,27,Customer_46,Automotive,Japan,Europe,443,3300,-1573
7285,1/23/2023,1118,Product_1097,Sensor,7,531,248,Customer_348,Industrial,Germany,North America,270,3717,1827
5454,1/23/2023,1365,Product_1477,Microchip,21,727,400,Customer_397,Consumer Electronics,South Korea,Asia-Pacific,279,15267,9408
9630,1/23/2023,1264,Product_1123,Sensor,2,820,309,Customer_156,Automotive,USA,Europe,764,1640,112
2835,1/23/2023,1142,Product_1468,Microchip,22,329,21,Customer_160,Consumer Electronics,Japan,North America,195,7238,2948
5252,1/23/2023,1185,Product_1277,Sensor,92,944,163,Customer_363,Consumer Electronics,China,North America,780,86848,15088
8256,1/23/2023,1261,Product_1086,Robotics,85,298,119,Customer_464,Consumer Electronics,Japan,Europe,51,25330,20995
3761,1/23/2023,1280,Product_1427,Robotics,80,498,157,Customer_59,Industrial,Germany,Europe,749,39840,-20080
2927,1/23/2023,1408,Product_1368,Robotics,41,469,64,Customer_311,Automotive,USA,North America,249,19229,9020
4573,1/24/2023,1466,Product_1118,Sensor,93,810,388,Customer_108,Industrial,China,Asia-Pacific,423,75330,35991
48,1/24/2023,1005,Product_1473,Robotics,10,360,318,Customer_291,Industrial,China,Asia-Pacific,523,3600,-1630
9510,1/24/2023,1406,Product_1299,Sensor,22,968,423,Customer_442,Automotive,USA,Europe,304,21296,14608
4635,1/24/2023,1459,Product_1003,Sensor,78,975,126,Customer_233,Consumer Electronics,Germany,North America,501,76050,36972
7478,1/24/2023,1296,Product_1491,Robotics,42,414,339,Customer_189,Industrial,Japan,Europe,634,17388,-9240
2918,1/24/2023,1292,Product_1020,Sensor,30,512,261,Customer_304,Consumer Electronics,Germany,Asia-Pacific,82,15360,12900
3104,1/24/2023,1086,Product_1400,Sensor,83,368,114,Customer_201,Automotive,Germany,Asia-Pacific,651,30544,-23489
6652,1/24/2023,1095,Product_1068,Microchip,79,621,421,Customer_254,Industrial,Japan,Asia-Pacific,693,49059,-5688
207,1/24/2023,1491,Product_1414,Microchip,32,137,286,Customer_72,Automotive,Japan,North America,611,4384,-15168
7275,1/24/2023,1271,Product_1367,Microchip,34,105,227,Customer_25,Industrial,USA,Europe,472,3570,-12478
1394,1/24/2023,1033,Product_1228,Sensor,76,226,418,Customer_45,Consumer Electronics,China,Asia-Pacific,375,17176,-11324
9665,1/24/2023,1084,Product_1234,Robotics,78,525,126,Customer_361,Consumer Electronics,China,Asia-Pacific,640,40950,-8970
880,1/24/2023,1489,Product_1249,Microchip,39,185,36,Customer_500,Consumer Electronics,Germany,North America,668,7215,-18837
2516,1/24/2023,1499,Product_1355,Robotics,79,148,98,Customer_99,Industrial,Germany,Europe,117,11692,2449
6339,1/24/2023,1290,Product_1372,Sensor,46,475,29,Customer_208,Industrial,China,North America,659,21850,-8464
9502,1/24/2023,1409,Product_1265,Sensor,48,847,491,Customer_494,Automotive,China,Europe,462,40656,18480
9170,1/24/2023,1281,Product_1008,Robotics,40,139,49,Customer_323,Industrial,Germany,Asia-Pacific,222,5560,-3320
5406,1/25/2023,1191,Product_1030,Sensor,94,719,450,Customer_35,Automotive,Germany,Europe,528,67586,17954
3313,1/25/2023,1448,Product_1100,Robotics,79,641,491,Customer_26,Industrial,USA,North America,189,50639,35708
4932,1/25/2023,1134,Product_1430,Microchip,31,628,186,Customer_113,Automotive,China,Asia-Pacific,199,19468,13299
6970,1/25/2023,1136,Product_1064,Sensor,82,163,187,Customer_274,Industrial,Japan,Asia-Pacific,473,13366,-25420
7223,1/25/2023,1041,Product_1136,Robotics,20,693,389,Customer_372,Industrial,China,Europe,232,13860,9220
4256,1/25/2023,1294,Product_1102,Sensor,77,428,42,Customer_431,Industrial,USA,Europe,373,32956,4235
8828,1/25/2023,1281,Product_1237,Microchip,58,57,101,Customer_424,Industrial,China,Asia-Pacific,790,3306,-42514
8939,1/25/2023,1180,Product_1189,Robotics,63,41,424,Customer_299,Industrial,China,North America,245,2583,-12852
1406,1/25/2023,1305,Product_1484,Sensor,80,433,486,Customer_133,Industrial,South Korea,North America,64,34640,29520
6149,1/25/2023,1279,Product_1250,Robotics,84,211,2,Customer_148,Consumer Electronics,Japan,Asia-Pacific,536,17724,-27300
5627,1/25/2023,1447,Product_1085,Sensor,7,861,36,Customer_318,Industrial,China,North America,648,6027,1491
449,1/25/2023,1398,Product_1167,Robotics,47,990,461,Customer_141,Consumer Electronics,China,Asia-Pacific,471,46530,24393
6195,1/25/2023,1325,Product_1481,Microchip,1,332,47,Customer_238,Industrial,USA,Asia-Pacific,520,332,-188
4174,1/25/2023,1283,Product_1061,Robotics,49,814,268,Customer_259,Consumer Electronics,USA,North America,764,39886,2450
7630,1/25/2023,1042,Product_1242,Robotics,75,58,378,Customer_59,Consumer Electronics,China,Asia-Pacific,433,4350,-28125
7185,1/25/2023,1164,Product_1249,Microchip,32,34,466,Customer_189,Industrial,Germany,Asia-Pacific,686,1088,-20864
6165,1/25/2023,1243,Product_1181,Sensor,28,389,143,Customer_61,Consumer Electronics,USA,North America,374,10892,420
7218,1/25/2023,1062,Product_1342,Microchip,58,576,272,Customer_260,Consumer Electronics,South Korea,Asia-Pacific,591,33408,-870
9022,1/25/2023,1034,Product_1225,Microchip,72,713,250,Customer_14,Industrial,Japan,North America,310,51336,29016
7740,1/25/2023,1162,Product_1221,Sensor,82,806,160,Customer_435,Automotive,USA,Europe,691,66092,9430
6935,1/25/2023,1305,Product_1368,Sensor,56,273,463,Customer_25,Automotive,Japan,Asia-Pacific,275,15288,-112
468,1/25/2023,1424,Product_1329,Robotics,25,508,29,Customer_390,Consumer Electronics,Japan,Asia-Pacific,10,12700,12450
8743,1/25/2023,1481,Product_1280,Microchip,21,311,216,Customer_252,Industrial,Japan,Asia-Pacific,78,6531,4893
371,1/26/2023,1145,Product_1459,Sensor,24,57,350,Customer_212,Automotive,Japan,Europe,159,1368,-2448
2372,1/26/2023,1167,Product_1468,Sensor,81,250,2,Customer_262,Automotive,Germany,Europe,282,20250,-2592
5488,1/26/2023,1090,Product_1420,Microchip,4,935,2,Customer_111,Consumer Electronics,South Korea,Europe,688,3740,988
1880,1/26/2023,1408,Product_1069,Sensor,64,157,53,Customer_386,Automotive,Japan,North America,282,10048,-8000
3953,1/26/2023,1022,Product_1391,Microchip,37,646,168,Customer_300,Automotive,Germany,Asia-Pacific,770,23902,-4588
168,1/26/2023,1201,Product_1189,Robotics,91,725,247,Customer_386,Industrial,China,Europe,196,65975,48139
3420,1/26/2023,1269,Product_1265,Sensor,80,198,362,Customer_355,Industrial,South Korea,Europe,67,15840,10480
6672,1/26/2023,1032,Product_1197,Microchip,27,471,213,Customer_11,Consumer Electronics,USA,North America,294,12717,4779
1898,1/26/2023,1064,Product_1476,Microchip,83,94,27,Customer_82,Automotive,Japan,Asia-Pacific,44,7802,4150
3125,1/26/2023,1491,Product_1328,Sensor,88,831,440,Customer_243,Automotive,China,Asia-Pacific,584,73128,21736
3083,1/26/2023,1260,Product_1409,Robotics,92,66,40,Customer_411,Automotive,USA,North America,152,6072,-7912
2325,1/26/2023,1480,Product_1007,Sensor,99,582,331,Customer_333,Consumer Electronics,USA,Europe,550,57618,3168
8063,1/26/2023,1370,Product_1430,Sensor,68,27,462,Customer_252,Consumer Electronics,Germany,Europe,168,1836,-9588
75,1/26/2023,1363,Product_1039,Sensor,94,409,267,Customer_464,Industrial,USA,North America,80,38446,30926
2470,1/26/2023,1287,Product_1486,Microchip,55,827,164,Customer_159,Automotive,USA,Asia-Pacific,546,45485,15455
6132,1/26/2023,1034,Product_1136,Sensor,9,737,50,Customer_370,Consumer Electronics,Germany,Asia-Pacific,716,6633,189
2704,1/26/2023,1102,Product_1343,Microchip,1,584,45,Customer_115,Consumer Electronics,China,North America,478,584,106
4259,1/26/2023,1045,Product_1436,Microchip,6,810,141,Customer_433,Industrial,Japan,Asia-Pacific,567,4860,1458
4473,1/26/2023,1439,Product_1412,Sensor,73,570,83,Customer_333,Automotive,Germany,North America,725,41610,-11315
5139,1/26/2023,1400,Product_1067,Robotics,59,917,157,Customer_149,Consumer Electronics,China,North America,485,54103,25488
7146,1/26/2023,1255,Product_1008,Robotics,91,655,19,Customer_299,Automotive,Germany,North America,213,59605,40222
5026,1/26/2023,1141,Product_1421,Microchip,35,214,234,Customer_490,Automotive,USA,Europe,584,7490,-12950
4570,1/26/2023,1410,Product_1035,Robotics,97,648,32,Customer_286,Industrial,China,Europe,300,62856,33756
7463,1/26/2023,1307,Product_1256,Sensor,81,673,43,Customer_120,Automotive,USA,Europe,601,54513,5832
3329,1/26/2023,1245,Product_1440,Robotics,7,706,231,Customer_357,Industrial,Japan,Europe,488,4942,1526
1158,1/26/2023,1112,Product_1265,Robotics,21,679,136,Customer_454,Industrial,China,Europe,643,14259,756
618,1/26/2023,1329,Product_1034,Microchip,50,883,452,Customer_354,Industrial,China,North America,84,44150,39950
3073,1/27/2023,1459,Product_1340,Sensor,90,280,427,Customer_369,Automotive,China,Asia-Pacific,123,25200,14130
3226,1/27/2023,1471,Product_1259,Microchip,51,677,226,Customer_276,Consumer Electronics,China,Europe,212,34527,23715
796,1/27/2023,1452,Product_1026,Microchip,19,968,7,Customer_347,Industrial,China,North America,536,18392,8208
5628,1/27/2023,1024,Product_1138,Sensor,39,849,52,Customer_459,Automotive,Germany,Asia-Pacific,247,33111,23478
2424,1/27/2023,1376,Product_1434,Robotics,68,901,59,Customer_457,Industrial,Germany,North America,222,61268,46172
7988,1/27/2023,1108,Product_1475,Robotics,65,29,366,Customer_77,Automotive,South Korea,North America,425,1885,-25740
866,1/27/2023,1177,Product_1267,Robotics,98,160,405,Customer_251,Consumer Electronics,USA,Europe,440,15680,-27440
891,1/27/2023,1015,Product_1457,Microchip,24,277,144,Customer_339,Consumer Electronics,Japan,North America,625,6648,-8352
5337,1/27/2023,1191,Product_1070,Sensor,25,268,294,Customer_284,Industrial,China,North America,611,6700,-8575
2782,1/27/2023,1057,Product_1058,Robotics,81,441,275,Customer_314,Industrial,China,North America,646,35721,-16605
3012,1/27/2023,1260,Product_1152,Microchip,68,223,91,Customer_31,Consumer Electronics,Germany,Europe,545,15164,-21896
6097,1/27/2023,1219,Product_1436,Sensor,65,139,141,Customer_63,Industrial,USA,Asia-Pacific,631,9035,-31980
5967,1/27/2023,1149,Product_1187,Sensor,62,149,293,Customer_193,Automotive,USA,North America,532,9238,-23746
8195,1/27/2023,1037,Product_1393,Microchip,4,669,204,Customer_29,Consumer Electronics,South Korea,Asia-Pacific,203,2676,1864
6700,1/27/2023,1285,Product_1099,Robotics,31,728,183,Customer_424,Industrial,China,Europe,531,22568,6107
1162,1/27/2023,1290,Product_1284,Microchip,21,544,398,Customer_270,Automotive,Germany,North America,183,11424,7581
4145,1/27/2023,1058,Product_1205,Robotics,40,876,66,Customer_375,Industrial,China,Europe,476,35040,16000
5182,1/27/2023,1425,Product_1083,Robotics,33,600,493,Customer_218,Industrial,South Korea,Europe,449,19800,4983
4677,1/27/2023,1428,Product_1356,Microchip,73,421,38,Customer_303,Consumer Electronics,Japan,Europe,763,30733,-24966
3561,1/27/2023,1469,Product_1459,Sensor,90,422,460,Customer_220,Automotive,South Korea,North America,681,37980,-23310
4950,1/27/2023,1494,Product_1131,Microchip,74,797,381,Customer_48,Automotive,China,Europe,109,58978,50912
6907,1/27/2023,1118,Product_1341,Robotics,42,376,160,Customer_102,Industrial,Germany,North America,619,15792,-10206
37,1/27/2023,1272,Product_1456,Sensor,7,111,491,Customer_267,Industrial,China,North America,164,777,-371
4906,1/27/2023,1278,Product_1305,Robotics,22,536,95,Customer_172,Automotive,South Korea,Asia-Pacific,647,11792,-2442
3666,1/27/2023,1258,Product_1113,Microchip,20,829,78,Customer_102,Industrial,China,Europe,396,16580,8660
4313,1/27/2023,1006,Product_1133,Robotics,64,657,267,Customer_445,Industrial,China,Europe,282,42048,24000
6326,1/27/2023,1182,Product_1078,Robotics,55,307,12,Customer_428,Consumer Electronics,China,North America,138,16885,9295
3440,1/27/2023,1397,Product_1051,Microchip,37,221,184,Customer_122,Industrial,China,Asia-Pacific,348,8177,-4699
5533,1/28/2023,1150,Product_1071,Microchip,83,602,35,Customer_316,Industrial,USA,Europe,195,49966,33781
4304,1/28/2023,1499,Product_1492,Sensor,97,477,395,Customer_126,Industrial,Japan,Asia-Pacific,703,46269,-21922
5537,1/28/2023,1184,Product_1073,Microchip,31,651,37,Customer_496,Automotive,Germany,North America,732,20181,-2511
7396,1/28/2023,1366,Product_1374,Robotics,20,961,216,Customer_188,Industrial,Japan,Asia-Pacific,98,19220,17260
5187,1/28/2023,1111,Product_1453,Robotics,42,287,396,Customer_425,Industrial,USA,Europe,73,12054,8988
7730,1/28/2023,1462,Product_1475,Microchip,14,473,211,Customer_351,Automotive,USA,Asia-Pacific,608,6622,-1890
1282,1/28/2023,1486,Product_1405,Microchip,42,414,476,Customer_287,Industrial,Germany,Europe,204,17388,8820
3586,1/28/2023,1056,Product_1286,Robotics,15,233,325,Customer_188,Automotive,Japan,Europe,49,3495,2760
7907,1/28/2023,1415,Product_1497,Robotics,7,270,62,Customer_232,Automotive,USA,North America,716,1890,-3122
2827,1/28/2023,1210,Product_1092,Microchip,25,686,249,Customer_92,Automotive,China,Asia-Pacific,404,17150,7050
2217,1/28/2023,1224,Product_1300,Microchip,35,72,419,Customer_33,Automotive,China,Europe,714,2520,-22470
2023,1/28/2023,1168,Product_1354,Sensor,59,317,285,Customer_496,Industrial,South Korea,Asia-Pacific,221,18703,5664
2038,1/28/2023,1432,Product_1162,Robotics,45,394,15,Customer_102,Industrial,South Korea,North America,681,17730,-12915
4224,1/28/2023,1075,Product_1211,Sensor,73,32,263,Customer_300,Consumer Electronics,China,Europe,123,2336,-6643
9710,1/28/2023,1483,Product_1149,Sensor,17,216,352,Customer_465,Consumer Electronics,USA,Asia-Pacific,142,3672,1258
1718,1/28/2023,1293,Product_1267,Microchip,64,447,198,Customer_376,Consumer Electronics,China,North America,773,28608,-20864
1203,1/28/2023,1007,Product_1351,Robotics,77,927,220,Customer_441,Consumer Electronics,USA,North America,17,71379,70070
4482,1/28/2023,1018,Product_1321,Microchip,54,270,13,Customer_202,Automotive,USA,North America,251,14580,1026
6030,1/28/2023,1037,Product_1246,Sensor,95,219,371,Customer_139,Consumer Electronics,Germany,Asia-Pacific,717,20805,-47310
1893,1/28/2023,1010,Product_1444,Microchip,96,748,393,Customer_293,Industrial,China,Europe,511,71808,22752
907,1/28/2023,1226,Product_1462,Microchip,81,230,197,Customer_452,Automotive,Japan,North America,247,18630,-1377
3710,1/28/2023,1234,Product_1133,Sensor,37,576,104,Customer_84,Consumer Electronics,South Korea,Europe,323,21312,9361
4428,1/28/2023,1448,Product_1180,Microchip,39,802,257,Customer_249,Industrial,South Korea,Asia-Pacific,347,31278,17745
6538,1/28/2023,1274,Product_1315,Sensor,83,542,276,Customer_209,Consumer Electronics,USA,North America,501,44986,3403
6424,1/28/2023,1307,Product_1333,Sensor,24,837,258,Customer_32,Automotive,China,Asia-Pacific,648,20088,4536
816,1/28/2023,1265,Product_1406,Robotics,93,80,338,Customer_85,Consumer Electronics,Germany,Asia-Pacific,664,7440,-54312
8871,1/28/2023,1190,Product_1036,Sensor,13,544,57,Customer_43,Industrial,Japan,North America,602,7072,-754
3258,1/28/2023,1060,Product_1154,Microchip,19,411,409,Customer_28,Automotive,USA,Asia-Pacific,530,7809,-2261
7298,1/28/2023,1168,Product_1020,Microchip,61,480,29,Customer_106,Consumer Electronics,Japan,Asia-Pacific,467,29280,793
2751,1/29/2023,1021,Product_1180,Microchip,69,575,121,Customer_115,Industrial,Japan,North America,346,39675,15801
9524,1/29/2023,1107,Product_1243,Robotics,36,944,364,Customer_88,Automotive,USA,Europe,82,33984,31032
934,1/29/2023,1179,Product_1260,Sensor,46,757,369,Customer_29,Consumer Electronics,Japan,Asia-Pacific,456,34822,13846
1752,1/29/2023,1154,Product_1356,Microchip,67,570,450,Customer_297,Automotive,South Korea,Europe,556,38190,938
1375,1/29/2023,1448,Product_1365,Microchip,3,474,221,Customer_308,Industrial,Germany,Asia-Pacific,62,1422,1236
7549,1/29/2023,1419,Product_1364,Microchip,73,961,488,Customer_7,Automotive,China,Asia-Pacific,347,70153,44822
5100,1/29/2023,1038,Product_1475,Microchip,30,328,497,Customer_25,Industrial,China,Asia-Pacific,231,9840,2910
4514,1/29/2023,1304,Product_1434,Sensor,19,666,373,Customer_30,Consumer Electronics,Japan,Europe,790,12654,-2356
6948,1/29/2023,1140,Product_1399,Robotics,48,852,212,Customer_124,Automotive,China,Europe,149,40896,33744
8622,1/29/2023,1187,Product_1444,Sensor,7,348,61,Customer_354,Consumer Electronics,Germany,Europe,596,2436,-1736
5519,1/29/2023,1345,Product_1487,Microchip,41,410,356,Customer_253,Consumer Electronics,Germany,Asia-Pacific,37,16810,15293
7787,1/29/2023,1372,Product_1262,Sensor,2,330,254,Customer_392,Automotive,USA,Europe,640,660,-620
7452,1/29/2023,1098,Product_1479,Microchip,51,590,223,Customer_403,Consumer Electronics,South Korea,Europe,117,30090,24123
1923,1/29/2023,1269,Product_1383,Microchip,49,232,230,Customer_247,Consumer Electronics,Japan,Europe,670,11368,-21462
2024,1/29/2023,1035,Product_1488,Sensor,13,550,22,Customer_457,Industrial,USA,North America,327,7150,2899
883,1/29/2023,1014,Product_1306,Robotics,60,636,200,Customer_373,Consumer Electronics,USA,Europe,293,38160,20580
5891,1/29/2023,1048,Product_1295,Microchip,80,718,200,Customer_196,Industrial,USA,Asia-Pacific,17,57440,56080
895,1/29/2023,1373,Product_1406,Robotics,89,42,361,Customer_87,Consumer Electronics,South Korea,Europe,149,3738,-9523
8140,1/29/2023,1014,Product_1345,Microchip,18,157,95,Customer_89,Automotive,Japan,North America,623,2826,-8388
3056,1/29/2023,1116,Product_1222,Robotics,53,990,120,Customer_33,Industrial,Japan,Asia-Pacific,68,52470,48866
1398,1/29/2023,1135,Product_1177,Microchip,65,237,266,Customer_344,Industrial,South Korea,Europe,527,15405,-18850
200,1/29/2023,1311,Product_1467,Sensor,53,931,356,Customer_140,Industrial,Japan,Asia-Pacific,193,49343,39114
4358,1/29/2023,1353,Product_1097,Sensor,75,333,270,Customer_103,Consumer Electronics,China,North America,331,24975,150
248,1/29/2023,1393,Product_1015,Sensor,93,631,280,Customer_87,Industrial,South Korea,Asia-Pacific,51,58683,53940
9977,1/29/2023,1447,Product_1338,Microchip,88,844,126,Customer_332,Automotive,China,Asia-Pacific,329,74272,45320
9554,1/29/2023,1013,Product_1424,Robotics,8,991,484,Customer_347,Consumer Electronics,USA,Asia-Pacific,376,7928,4920
2897,1/29/2023,1201,Product_1241,Sensor,97,702,360,Customer_222,Industrial,South Korea,North America,6,68094,67512
5059,1/30/2023,1423,Product_1125,Microchip,47,525,453,Customer_375,Consumer Electronics,Germany,Asia-Pacific,394,24675,6157
8612,1/30/2023,1335,Product_1333,Robotics,35,803,75,Customer_395,Industrial,South Korea,Asia-Pacific,129,28105,23590
3418,1/30/2023,1405,Product_1335,Robotics,15,796,230,Customer_201,Automotive,Germany,North America,194,11940,9030
5653,1/30/2023,1007,Product_1120,Sensor,92,219,271,Customer_426,Consumer Electronics,Japan,Asia-Pacific,596,20148,-34684
3562,1/30/2023,1397,Product_1309,Sensor,83,381,11,Customer_369,Automotive,China,North America,445,31623,-5312
2584,1/30/2023,1322,Product_1419,Sensor,38,540,41,Customer_382,Automotive,South Korea,Asia-Pacific,590,20520,-1900
7291,1/30/2023,1014,Product_1016,Sensor,40,72,63,Customer_489,Consumer Electronics,USA,Asia-Pacific,252,2880,-7200
8646,1/30/2023,1369,Product_1486,Robotics,8,682,332,Customer_23,Industrial,USA,Asia-Pacific,769,5456,-696
5317,1/30/2023,1398,Product_1209,Sensor,80,406,227,Customer_429,Automotive,USA,North America,93,32480,25040
3813,1/30/2023,1323,Product_1359,Robotics,25,652,464,Customer_216,Automotive,South Korea,Europe,582,16300,1750
539,1/30/2023,1410,Product_1147,Sensor,24,172,50,Customer_373,Industrial,Japan,Asia-Pacific,603,4128,-10344
6137,1/30/2023,1310,Product_1195,Sensor,35,207,165,Customer_211,Automotive,Japan,North America,579,7245,-13020
2335,1/30/2023,1070,Product_1081,Robotics,19,951,345,Customer_304,Industrial,China,North America,107,18069,16036
4518,1/30/2023,1224,Product_1024,Sensor,60,629,156,Customer_318,Consumer Electronics,South Korea,Asia-Pacific,213,37740,24960
709,1/30/2023,1115,Product_1395,Microchip,21,896,303,Customer_260,Consumer Electronics,Japan,North America,662,18816,4914
6872,1/31/2023,1499,Product_1210,Sensor,65,538,62,Customer_347,Industrial,South Korea,North America,580,34970,-2730
4444,1/31/2023,1368,Product_1461,Sensor,9,507,346,Customer_374,Consumer Electronics,USA,Europe,506,4563,9
6612,1/31/2023,1156,Product_1330,Microchip,84,922,325,Customer_192,Consumer Electronics,South Korea,Europe,616,77448,25704
4546,1/31/2023,1295,Product_1485,Robotics,98,231,30,Customer_329,Industrial,USA,North America,725,22638,-48412
4415,1/31/2023,1053,Product_1118,Robotics,13,44,395,Customer_266,Consumer Electronics,Germany,Europe,383,572,-4407
1828,1/31/2023,1199,Product_1397,Robotics,83,853,141,Customer_383,Automotive,Japan,Asia-Pacific,201,70799,54116
6874,1/31/2023,1118,Product_1264,Robotics,23,116,363,Customer_449,Consumer Electronics,Japan,North America,252,2668,-3128
8720,1/31/2023,1441,Product_1174,Robotics,87,894,290,Customer_392,Consumer Electronics,Germany,North America,577,77778,27579
5728,1/31/2023,1047,Product_1185,Robotics,82,816,407,Customer_6,Automotive,China,Asia-Pacific,307,66912,41738
8649,1/31/2023,1391,Product_1416,Microchip,54,762,311,Customer_287,Automotive,USA,Asia-Pacific,256,41148,27324
1070,1/31/2023,1154,Product_1340,Microchip,69,156,400,Customer_233,Industrial,Japan,Europe,562,10764,-28014
7193,1/31/2023,1145,Product_1425,Sensor,78,48,171,Customer_320,Consumer Electronics,South Korea,Europe,295,3744,-19266
5503,1/31/2023,1434,Product_1293,Sensor,89,758,2,Customer_145,Industrial,South Korea,North America,184,67462,51086
7522,1/31/2023,1436,Product_1302,Robotics,55,765,333,Customer_474,Consumer Electronics,China,Asia-Pacific,607,42075,8690
3080,1/31/2023,1107,Product_1155,Microchip,22,19,367,Customer_192,Consumer Electronics,USA,Asia-Pacific,479,418,-10120
4847,1/31/2023,1177,Product_1002,Sensor,39,195,170,Customer_455,Automotive,South Korea,Asia-Pacific,157,7605,1482
900,1/31/2023,1404,Product_1050,Sensor,34,988,53,Customer_38,Automotive,South Korea,Europe,327,33592,22474
8697,1/31/2023,1443,Product_1070,Sensor,27,386,446,Customer_82,Industrial,USA,North America,100,10422,7722
4733,1/31/2023,1182,Product_1104,Sensor,70,678,284,Customer_448,Consumer Electronics,China,Asia-Pacific,570,47460,7560
8191,1/31/2023,1041,Product_1168,Microchip,40,691,93,Customer_332,Consumer Electronics,USA,Asia-Pacific,101,27640,23600
547,1/31/2023,1390,Product_1462,Robotics,67,794,173,Customer_156,Automotive,Japan,North America,47,53198,50049
6173,1/31/2023,1436,Product_1096,Robotics,98,478,165,Customer_136,Consumer Electronics,South Korea,Europe,742,46844,-25872
4058,1/31/2023,1416,Product_1386,Robotics,39,542,202,Customer_457,Automotive,South Korea,Asia-Pacific,379,21138,6357
3782,1/31/2023,1346,Product_1171,Microchip,41,636,411,Customer_283,Industrial,USA,Asia-Pacific,605,26076,1271
3611,1/31/2023,1420,Product_1304,Sensor,70,628,339,Customer_116,Automotive,Japan,North America,377,43960,17570
3036,1/31/2023,1366,Product_1258,Robotics,88,452,390,Customer_278,Consumer Electronics,South Korea,North America,744,39776,-25696
640,1/31/2023,1411,Product_1455,Robotics,47,383,189,Customer_224,Consumer Electronics,Germany,North America,270,18001,5311
6548,1/31/2023,1100,Product_1026,Robotics,12,313,436,Customer_217,Industrial,China,Asia-Pacific,370,3756,-684
